index,name,seller,offerType,price,abtest,vehicleType,yearOfRegistration,gearbox,powerPS,model,kilometer,monthOfRegistration,fuelType,brand,notRepairedDamage,dateCreated,nrOfPictures,postalCode,lastSeen
0,Golf_3_1.6,privat,Angebot,480,test,,1993,manuell,0,golf,150000,0,benzin,volkswagen,,24/03/2016 00:00,0,70435,07/04/2016 03:16
1,A5_Sportback_2.7_Tdi,privat,Angebot,18300,test,coupe,2011,manuell,190,,125000,5,diesel,audi,ja,24/03/2016 00:00,0,66954,07/04/2016 01:46
2,"Jeep_Grand_Cherokee_""Overland""",privat,Angebot,9800,test,suv,2004,automatik,163,grand,125000,8,diesel,jeep,,14/03/2016 00:00,0,90480,05/04/2016 12:47
3,GOLF_4_1_4__3T√úRER,privat,Angebot,1500,test,kleinwagen,2001,manuell,75,golf,150000,6,benzin,volkswagen,nein,17/03/2016 00:00,0,91074,17/03/2016 17:40
4,Skoda_Fabia_1.4_TDI_PD_Classic,privat,Angebot,3600,test,kleinwagen,2008,manuell,69,fabia,90000,7,diesel,skoda,nein,31/03/2016 00:00,0,60437,06/04/2016 10:17
5,BMW_316i___e36_Limousine___Bastlerfahrzeug__Export,privat,Angebot,650,test,limousine,1995,manuell,102,3er,150000,10,benzin,bmw,ja,04/04/2016 00:00,0,33775,06/04/2016 19:17
6,Peugeot_206_CC_110_Platinum,privat,Angebot,2200,test,cabrio,2004,manuell,109,2_reihe,150000,8,benzin,peugeot,nein,01/04/2016 00:00,0,67112,05/04/2016 18:18
7,VW_Derby_Bj_80__Scheunenfund,privat,Angebot,0,test,limousine,1980,manuell,50,andere,40000,7,benzin,volkswagen,nein,21/03/2016 00:00,0,19348,25/03/2016 16:47
8,Ford_C___Max_Titanium_1_0_L_EcoBoost,privat,Angebot,14500,control,bus,2014,manuell,125,c_max,30000,8,benzin,ford,,04/04/2016 00:00,0,94505,04/04/2016 23:42
9,VW_Golf_4_5_tuerig_zu_verkaufen_mit_Anhaengerkupplung,privat,Angebot,999,test,kleinwagen,1998,manuell,101,golf,150000,0,,volkswagen,,17/03/2016 00:00,0,27472,31/03/2016 17:17
10,Mazda_3_1.6_Sport,privat,Angebot,2000,control,limousine,2004,manuell,105,3_reihe,150000,12,benzin,mazda,nein,26/03/2016 00:00,0,96224,06/04/2016 10:45
11,Volkswagen_Passat_Variant_2.0_TDI_Comfortline,privat,Angebot,2799,control,kombi,2005,manuell,140,passat,150000,12,diesel,volkswagen,ja,07/04/2016 00:00,0,57290,07/04/2016 10:25
12,"VW_Passat_Facelift_35i__""7Sitzer""",privat,Angebot,999,control,kombi,1995,manuell,115,passat,150000,11,benzin,volkswagen,,15/03/2016 00:00,0,37269,01/04/2016 13:16
13,VW_PASSAT_1.9_TDI_131_PS_LEDER,privat,Angebot,2500,control,kombi,2004,manuell,131,passat,150000,2,,volkswagen,nein,21/03/2016 00:00,0,90762,23/03/2016 02:50
14,Nissan_Navara_2.5DPF_SE4x4_Klima_Sitzheizg_Bluetooth.Doppelkabine,privat,Angebot,17999,control,suv,2011,manuell,190,navara,70000,3,diesel,nissan,nein,21/03/2016 00:00,0,4177,06/04/2016 07:45
15,KA_Lufthansa_Edition_450‚Ç¨_VB,privat,Angebot,450,test,kleinwagen,1910,,0,ka,5000,0,benzin,ford,,11/03/2016 00:00,0,24148,19/03/2016 08:46
16,Polo_6n_1_4,privat,Angebot,300,test,,2016,,60,polo,150000,0,benzin,volkswagen,,01/04/2016 00:00,0,38871,01/04/2016 12:46
17,Renault_Twingo_1.2_16V_Aut.,privat,Angebot,1750,control,kleinwagen,2004,automatik,75,twingo,150000,2,benzin,renault,nein,20/03/2016 00:00,0,65599,06/04/2016 13:16
18,Ford_C_MAX_2.0_TDCi_DPF_Titanium,privat,Angebot,7550,test,bus,2007,manuell,136,c_max,150000,6,diesel,ford,nein,23/03/2016 00:00,0,88361,05/04/2016 18:45
19,Mercedes_Benz_A_160_Classic_Klima,privat,Angebot,1850,test,bus,2004,manuell,102,a_klasse,150000,1,benzin,mercedes_benz,nein,01/04/2016 00:00,0,49565,05/04/2016 22:46
20,Volkswagen_Scirocco_1.4_TSI_Sport,privat,Angebot,10400,control,coupe,2009,manuell,160,scirocco,100000,4,benzin,volkswagen,nein,01/04/2016 00:00,0,75365,05/04/2016 16:45
21,BMW_530i_T√úV_7/17_Scheckheftgepflegt_sehr_guter_Zustand,privat,Angebot,3699,test,limousine,2002,automatik,231,5er,150000,7,benzin,bmw,nein,27/03/2016 00:00,0,68309,07/04/2016 06:44
22,Opel_Meriva_1.Hand_T√úV_3.2018,privat,Angebot,2900,test,,2018,manuell,90,meriva,150000,5,benzin,opel,nein,23/03/2016 00:00,0,49716,31/03/2016 01:16
23,Stadtflitzer,privat,Angebot,450,test,kleinwagen,1997,manuell,50,arosa,150000,5,benzin,seat,nein,12/03/2016 00:00,0,9526,21/03/2016 01:46
24,MERCEDES_200E__T√úV_04/2016,privat,Angebot,500,test,limousine,1990,manuell,118,andere,150000,10,benzin,mercedes_benz,ja,13/03/2016 00:00,0,35390,13/03/2016 20:40
25,BMW_530d_touring_Vollausstattung_NAVI,privat,Angebot,2500,control,kombi,2002,automatik,193,5er,150000,9,diesel,bmw,ja,18/03/2016 00:00,0,73765,18/03/2016 21:44
26,Citroen_C4_Grand_Picasso.,privat,Angebot,5555,control,,2017,manuell,125,c4,125000,4,,citroen,nein,10/03/2016 00:00,0,31139,16/03/2016 09:16
27,Honda_Civic_1.4_i_VTEC_Comfort,privat,Angebot,6900,test,limousine,2008,manuell,99,civic,60000,11,benzin,honda,nein,07/03/2016 00:00,0,12621,26/03/2016 09:44
28,Volkswagen_T3_andere,privat,Angebot,1990,test,bus,1981,manuell,50,transporter,5000,1,benzin,volkswagen,nein,09/03/2016 00:00,0,87471,10/03/2016 07:44
29,Fiat_Punto_1.2,privat,Angebot,690,test,kleinwagen,2003,manuell,60,punto,150000,3,benzin,fiat,nein,08/03/2016 00:00,0,86199,09/03/2016 11:45
30,Mercedes_Benz_E_250_D_Original_Zustand_!!,privat,Angebot,3300,test,limousine,1995,automatik,113,e_klasse,150000,1,diesel,mercedes_benz,nein,03/04/2016 00:00,0,53879,05/04/2016 15:16
31,Renault_clio_1.2_T√úV_07/2016,privat,Angebot,899,control,,2016,manuell,60,clio,150000,6,benzin,renault,,29/03/2016 00:00,0,37075,29/03/2016 17:43
32,Golf_3_....._1.4,privat,Angebot,245,test,limousine,1994,,0,golf,150000,2,benzin,volkswagen,nein,15/03/2016 00:00,0,44145,17/03/2016 18:17
33,BMW_325i_Aut.,privat,Angebot,18000,test,limousine,2007,automatik,218,3er,20000,5,benzin,bmw,nein,25/03/2016 00:00,0,39179,07/04/2016 04:45
34,Mercedes_Benz_E_200_CDI_Automatik_Classic,privat,Angebot,3500,control,limousine,2004,automatik,122,e_klasse,150000,11,diesel,mercedes_benz,nein,17/03/2016 00:00,0,67071,30/03/2016 15:46
35,VW_Golf_3,privat,Angebot,350,test,,2016,manuell,75,golf,150000,4,benzin,volkswagen,nein,08/03/2016 00:00,0,19386,08/03/2016 09:44
36,Opel_Kadett_E_CC,privat,Angebot,1600,control,andere,1991,manuell,75,kadett,70000,0,,opel,,11/03/2016 00:00,0,2943,07/04/2016 03:46
37,Renault_Kangoo_1.9_Diesel,privat,Angebot,1500,test,,2016,,0,kangoo,150000,1,diesel,renault,nein,28/03/2016 00:00,0,46483,30/03/2016 09:18
38,Abschleppwagen_Vw_LT_195.000_gruene_Plakette_T√úV_8/2017,privat,Angebot,11900,test,andere,2002,manuell,129,andere,150000,11,diesel,volkswagen,nein,01/04/2016 00:00,0,10551,05/04/2016 12:47
39,Mercedes_Camper_D407,privat,Angebot,1500,test,bus,1984,manuell,70,andere,150000,8,diesel,mercedes_benz,nein,25/03/2016 00:00,0,22767,27/03/2016 03:17
40,Suche_Opel_corsa_a_zu_verschenken,privat,Angebot,0,test,,1990,,0,corsa,150000,1,benzin,opel,,26/03/2016 00:00,0,56412,27/03/2016 17:43
41,E_500_Avantgarde_AMG_Ausstattung,privat,Angebot,7500,control,limousine,2002,automatik,306,e_klasse,150000,4,,mercedes_benz,,30/03/2016 00:00,0,33649,03/04/2016 11:44
42,BMW_E60_530XD,privat,Angebot,12500,test,limousine,2006,automatik,231,5er,150000,11,diesel,bmw,,23/03/2016 00:00,0,46119,04/04/2016 16:18
43,Mini_One_Pepper_Scheckheftgepflegt,privat,Angebot,6990,test,limousine,2007,manuell,95,one,100000,8,benzin,mini,nein,13/03/2016 00:00,0,59174,21/03/2016 17:17
44,Smart_For_two_Klima_regensensor_uSw,privat,Angebot,3900,test,kleinwagen,2008,automatik,61,fortwo,80000,6,benzin,smart,,17/03/2016 00:00,0,21073,19/03/2016 11:46
45,Renault_Clio_1.4,privat,Angebot,590,control,kleinwagen,1999,manuell,75,clio,125000,8,benzin,renault,nein,29/03/2016 00:00,0,84180,29/03/2016 18:57
46,BMW_120d_DPF,privat,Angebot,7999,control,limousine,2007,manuell,177,1er,150000,8,diesel,bmw,nein,15/03/2016 00:00,0,53604,16/03/2016 16:47
47,BMW_528i_touring,privat,Angebot,2100,test,kombi,1998,automatik,193,5er,150000,2,benzin,bmw,nein,03/04/2016 00:00,0,86157,06/04/2016 08:16
48,VW_Golf_6___Klima___Alu___Scheckheft_!!!,privat,Angebot,7750,control,,2017,manuell,80,golf,100000,1,benzin,volkswagen,,25/03/2016 00:00,0,48499,31/03/2016 21:47
49,Mercedes_Benz_B180_Automatik,privat,Angebot,13500,test,bus,2012,automatik,109,b_klasse,150000,7,diesel,mercedes_benz,nein,04/04/2016 00:00,0,35576,05/04/2016 12:09
50,BMW_120i_Cabrio_mit_M_Paket,privat,Angebot,14800,control,cabrio,2008,manuell,170,1er,125000,4,benzin,bmw,,30/03/2016 00:00,0,48691,07/04/2016 00:17
51,Fiat_punto_5_tuerer__6_gang,privat,Angebot,2000,control,,2017,manuell,90,punto,150000,11,diesel,fiat,ja,07/03/2016 00:00,0,66115,07/03/2016 18:57
52,Verkaufe_meinen_kleinen_wegen_neu_Anschaffung,privat,Angebot,1400,control,,2016,manuell,55,andere,5000,1,,hyundai,,04/04/2016 00:00,0,34454,06/04/2016 12:45
53,Bmw_318_d_Sport_Edition_Facelift,privat,Angebot,7999,control,limousine,2008,automatik,143,3er,150000,12,diesel,bmw,,29/03/2016 00:00,0,71083,06/04/2016 04:45
54,Opel_signum_1.9_cdti,privat,Angebot,4700,control,kombi,2005,manuell,0,signum,150000,0,,opel,nein,17/03/2016 00:00,0,88433,04/04/2016 04:17
55,auto_opel_astra,privat,Angebot,550,test,kombi,1999,manuell,0,astra,150000,8,diesel,opel,ja,26/03/2016 00:00,0,56759,01/04/2016 23:17
56,BMW_435i_Sport_coupe,privat,Angebot,39600,test,coupe,2014,automatik,306,andere,30000,7,benzin,bmw,nein,21/03/2016 00:00,0,10435,03/04/2016 23:16
57,Smart_Cabrio_T√úV_bis_07/17,privat,Angebot,3000,control,cabrio,2006,automatik,61,fortwo,80000,1,benzin,smart,nein,22/03/2016 00:00,0,12055,22/03/2016 17:56
58,Seat_inca_1.9SDI___LKW_Zulassung___T√úV_NEU,privat,Angebot,2399,test,,2018,manuell,64,andere,125000,3,,seat,nein,10/03/2016 00:00,0,33397,25/03/2016 10:17
59,Volkswagen_Golf_1.6_Comfortline,privat,Angebot,1000,control,limousine,1998,manuell,101,golf,150000,10,benzin,volkswagen,nein,31/03/2016 00:00,0,39624,06/04/2016 03:15
60,TAUSCHE_BMW_E38_740i_g._SUV_/_GEL√ÑNDEWAGEN_LESEN_LESEN,privat,Angebot,1,control,suv,1994,manuell,286,,150000,11,,sonstige_autos,,29/03/2016 00:00,0,53721,06/04/2016 01:44
61,Bmw_316i_compact.____200‚Ç¨,privat,Angebot,200,test,coupe,1995,manuell,102,3er,150000,4,benzin,bmw,,26/03/2016 00:00,0,23560,01/04/2016 20:46
62,Audi_A8_3.0_TDI_quattro,privat,Angebot,7499,test,limousine,2004,automatik,232,a8,150000,3,diesel,audi,ja,25/03/2016 00:00,0,71711,07/04/2016 01:44
63,Skoda_Fabia_1.2,privat,Angebot,5500,control,kleinwagen,2010,manuell,60,fabia,70000,4,benzin,skoda,nein,30/03/2016 00:00,0,57076,07/04/2016 03:44
64,Volkswagen_Jetta_1.9_TDI_DSG_DPF_Sportline,privat,Angebot,7000,test,limousine,2006,automatik,105,jetta,100000,10,diesel,volkswagen,nein,08/03/2016 00:00,0,6242,11/03/2016 17:16
65,BMW_325_i_Cabrio_wenig_Kilometer,privat,Angebot,14999,test,cabrio,2007,manuell,218,3er,50000,8,benzin,bmw,nein,07/03/2016 00:00,0,1129,15/03/2016 10:17
66,Opel_Astra_1.4_mit_vielen_Extras!!!!,privat,Angebot,10900,test,,2017,manuell,101,astra,50000,3,,opel,nein,28/03/2016 00:00,0,63607,06/04/2016 23:15
67,Volkswagen_Scirocco_1.4_TSI___Top_Zustand_!!!!,privat,Angebot,9700,test,coupe,2008,manuell,160,scirocco,150000,8,benzin,volkswagen,nein,15/03/2016 00:00,0,55218,06/04/2016 04:17
68,Honda_HRV_reserviert!!!,privat,Angebot,2100,control,suv,2000,manuell,105,andere,150000,8,benzin,honda,nein,09/02/2016 00:00,0,85244,31/03/2016 16:46
69,Mercedes_Benz_190,privat,Angebot,1280,control,limousine,1992,automatik,109,andere,150000,9,benzin,mercedes_benz,,15/03/2016 00:00,0,86163,05/04/2016 19:18
70,Opel_astra_g_coupe_1.8_liter_benziner,privat,Angebot,1200,test,coupe,2001,,0,astra,150000,0,,opel,,01/04/2016 00:00,0,47249,07/04/2016 08:46
71,Volkswagen_Polo,privat,Angebot,800,control,kleinwagen,1993,manuell,0,polo,150000,3,benzin,volkswagen,nein,08/03/2016 00:00,0,8258,05/04/2016 23:46
72,BMW_520i_E39,privat,Angebot,2300,control,,1997,manuell,150,5er,150000,3,,bmw,nein,07/03/2016 00:00,0,79341,22/03/2016 05:15
73,Ford_Fiesta,privat,Angebot,750,control,kleinwagen,2002,manuell,50,fiesta,150000,4,benzin,ford,nein,05/03/2016 00:00,0,70327,11/03/2016 06:16
74,Mercedes_Benz_C_180_T_Kompressor_Avantgarde,privat,Angebot,7999,control,kombi,2008,manuell,156,c_klasse,150000,10,benzin,mercedes_benz,nein,22/03/2016 00:00,0,83355,25/03/2016 09:47
75,VW_Golf_V_Plus_TDI_1_8,privat,Angebot,6600,control,limousine,2006,manuell,105,golf,150000,10,diesel,volkswagen,nein,31/03/2016 00:00,0,41812,31/03/2016 18:46
76,Nissan_Micra_1.2_CVT,privat,Angebot,7999,test,kleinwagen,2013,manuell,80,micra,40000,4,benzin,nissan,nein,17/03/2016 00:00,0,46145,06/04/2016 07:44
77,MB_Vito_Transporter_108_CDI,privat,Angebot,1400,control,andere,2003,manuell,82,vito,150000,8,diesel,mercedes_benz,nein,11/03/2016 00:00,0,4668,11/03/2016 14:50
78,Golf_4_TDi_1_9.__3_tuerig,privat,Angebot,800,test,,2000,manuell,90,golf,150000,2,diesel,volkswagen,,31/03/2016 00:00,0,32584,06/04/2016 19:15
79,Mercedes_Benz_311_CDI_Sprinter_DOKA_6_SITZ._T√úV/AU_NEU,privat,Angebot,5000,test,bus,2006,manuell,109,sprinter,150000,4,diesel,mercedes_benz,nein,10/03/2016 00:00,0,26382,12/03/2016 14:45
80,Mercedes_Benz_E_250_CDI_Mod.2011_Automatik_NAVI_XENON_Glasdach,privat,Angebot,20300,test,limousine,2010,automatik,204,e_klasse,80000,12,diesel,mercedes_benz,nein,11/03/2016 00:00,0,51491,03/04/2016 01:26
81,Opel_Astra_F_Cabrio,privat,Angebot,150,control,,2016,manuell,75,astra,150000,3,benzin,opel,ja,17/03/2016 00:00,0,78315,05/04/2016 03:45
82,muss_dringend_weg_!!!_2_mal_Alfa_romeo_156_Zu_Verkaufen,privat,Angebot,250,test,kombi,2000,manuell,155,156,150000,0,benzin,alfa_romeo,ja,01/04/2016 00:00,0,8396,05/04/2016 20:18
83,Bastler_Fahrzeug_mit_Rest_Tuev,privat,Angebot,350,control,kleinwagen,1997,manuell,54,,150000,3,,fiat,ja,03/04/2016 00:00,0,45665,05/04/2016 11:47
84,Ford_Escort_CLX,privat,Angebot,600,test,limousine,1994,manuell,75,escort,100000,6,benzin,ford,ja,09/03/2016 00:00,0,37359,05/04/2016 23:44
85,Mercedes_Benz_C_220_T_CDI_Avantgarde,privat,Angebot,3300,test,kombi,2005,manuell,150,c_klasse,150000,9,diesel,mercedes_benz,ja,23/03/2016 00:00,0,29221,23/03/2016 18:59
86,SUBARU_FORESTER,privat,Angebot,1600,test,kombi,1997,automatik,122,forester,150000,10,benzin,subaru,nein,12/03/2016 00:00,0,87497,15/03/2016 06:46
87,Volvo_XC90_AWD_D5_Kinetic_Leder_Standheizung_AHK_Gruene_Umweltpl,privat,Angebot,8000,test,suv,2005,manuell,185,xc_reihe,150000,8,diesel,volvo,,29/03/2016 00:00,0,96472,03/04/2016 23:18
88,Mitsubishi_L_400,privat,Angebot,1800,control,bus,2001,manuell,87,andere,150000,7,diesel,mitsubishi,nein,13/03/2016 00:00,0,24116,17/03/2016 13:47
89,Fiesta_Titanium_1.25,privat,Angebot,6800,control,kleinwagen,2009,manuell,82,fiesta,60000,12,benzin,ford,nein,08/03/2016 00:00,0,51065,05/04/2016 19:18
90,Renault_Scenic,privat,Angebot,2990,test,bus,2004,manuell,113,scenic,150000,12,benzin,renault,nein,07/03/2016 00:00,0,41836,09/03/2016 06:15
91,MERCEDES_BENZ_W124_250D_83KW_/_113PS___SCHLACHTFEST_!!!_Preis:_1‚Ç¨,privat,Angebot,1,control,limousine,1995,manuell,113,e_klasse,150000,4,diesel,mercedes_benz,nein,28/03/2016 00:00,0,40589,06/04/2016 12:15
92,A4_Diesel_Leder_Top___NAVI,privat,Angebot,2400,test,limousine,2003,manuell,0,a4,150000,9,diesel,audi,,23/03/2016 00:00,0,40210,23/03/2016 11:53
93,Senator_A2__3_0E__180PS__CD_Ausstattung.,privat,Angebot,1222,control,limousine,1984,automatik,180,andere,150000,3,benzin,opel,,02/04/2016 00:00,0,57290,06/04/2016 14:44
94,FORD_KA___T√úV_ABGELAUFEN,privat,Angebot,250,control,,2000,,60,ka,150000,0,,ford,,16/03/2016 00:00,0,51427,21/03/2016 09:47
95,Audi_A1_1.2_TFSI_S_Line,privat,Angebot,14500,test,kleinwagen,2013,manuell,86,a1,60000,4,benzin,audi,nein,10/03/2016 00:00,0,31582,07/04/2016 01:15
96,unfall_Opel_insignia_voll_Ausstattung__T√úV_neu__ideal_fuer_Bastler,privat,Angebot,8390,test,,2009,,0,insignia,150000,0,,opel,,28/03/2016 00:00,0,29221,30/03/2016 07:44
97,Volkswagen_Passat_1.9_TDI,privat,Angebot,3850,test,limousine,2003,manuell,131,passat,150000,5,diesel,volkswagen,nein,25/03/2016 00:00,0,30459,07/04/2016 00:16
98,BMW_318d_Aut.__Xenon__Navi__Sportsitze_FESTREIS!,privat,Angebot,23490,control,limousine,2013,automatik,143,3er,40000,6,diesel,bmw,nein,31/03/2016 00:00,0,49356,06/04/2016 03:44
99,VW_t5_kastenwagen,privat,Angebot,6450,test,bus,2008,manuell,84,transporter,150000,12,,volkswagen,nein,26/03/2016 00:00,0,44623,06/04/2016 03:17
100,Mercedes_A_Klasse____Top_Zustand___T√úV/AU___neu_!_Halbautomatik,privat,Angebot,1700,test,kleinwagen,1999,automatik,102,a_klasse,125000,11,benzin,mercedes_benz,nein,01/04/2016 00:00,0,12305,01/04/2016 12:45
101,OPEL_COMBO_2008__T√úV_Neu_bis_02.2018__DIESEL___LKW_ZULLASUNG,privat,Angebot,4290,test,bus,2008,manuell,0,combo,150000,2,diesel,opel,nein,11/03/2016 00:00,0,23568,05/04/2016 22:45
102,Ford_Focus_Turnier_1.6_TDCi_DPF,privat,Angebot,1500,control,kombi,2006,manuell,109,focus,150000,10,diesel,ford,nein,27/03/2016 00:00,0,74223,02/04/2016 11:47
103,Audi_A4_B5_1_6_Liter,privat,Angebot,499,control,limousine,1995,manuell,101,a4,150000,5,benzin,audi,,15/03/2016 00:00,0,85414,22/03/2016 20:48
104,Hyundai_Genesis_Coupe_GT_3.8_V6_Automatik,privat,Angebot,22999,control,coupe,2012,automatik,303,andere,50000,4,benzin,hyundai,nein,16/03/2016 00:00,0,88167,06/04/2016 20:18
105,Audi_a4_2.5_TDI_Tausch_moeglich,privat,Angebot,6500,test,limousine,2004,manuell,163,a4,150000,4,diesel,audi,,01/04/2016 00:00,0,97450,01/04/2016 09:54
106,verkaufe_Mercedes_Benz_220_CDI_Sport_8_fach_Bereift,privat,Angebot,900,test,kombi,1999,manuell,125,c_klasse,150000,7,diesel,mercedes_benz,nein,26/03/2016 00:00,0,37130,29/03/2016 11:44
107,BMW_316_automatikgetriebe_Klimaanlage,privat,Angebot,650,test,limousine,1997,automatik,102,3er,150000,8,benzin,bmw,,21/03/2016 00:00,0,13357,22/03/2016 14:49
108,Ford_Escort_Cabrio,privat,Angebot,300,test,cabrio,1992,manuell,105,escort,150000,0,,ford,ja,20/03/2016 00:00,0,88515,06/04/2016 13:15
109,Audi_TT_Coupe_1.8_T_quattro,privat,Angebot,3399,test,coupe,1999,manuell,224,tt,150000,9,benzin,audi,ja,02/04/2016 00:00,0,61276,05/04/2016 19:44
110,Volkswagen_Passat_Variant_1.6_Kombi_mit_T√úV_und_AHK,privat,Angebot,1300,control,kombi,1997,manuell,101,passat,150000,10,benzin,volkswagen,nein,23/03/2016 00:00,0,4277,29/03/2016 04:46
111,Honda_Civic_EG4,privat,Angebot,900,test,,1995,manuell,90,civic,150000,3,benzin,honda,,16/03/2016 00:00,0,35789,19/03/2016 17:19
112,530d_XDRIVE_235_PS,privat,Angebot,7300,control,limousine,2009,automatik,235,5er,100000,3,diesel,bmw,nein,22/03/2016 00:00,0,83022,22/03/2016 17:44
113,Opel_Astra_Twin_Top_2.0_Turbo,privat,Angebot,8599,test,cabrio,2006,manuell,200,astra,125000,9,benzin,opel,nein,26/03/2016 00:00,0,79761,06/04/2016 04:15
114,Opel_Corsa_T√úV_bis_Ende_2016,privat,Angebot,350,test,kleinwagen,1998,,0,corsa,150000,2,benzin,opel,,03/04/2016 00:00,0,82110,03/04/2016 08:53
115,Golf_IV_1.4_16V,privat,Angebot,0,test,,2017,manuell,0,golf,5000,12,benzin,volkswagen,,19/03/2016 00:00,0,21698,01/04/2016 08:47
116,Audi_A6_2_5_TDi_Quattro_Avant_Automatic__Turbo__Kombi__132_KW__2_,privat,Angebot,5900,control,kombi,2005,automatik,178,a6,150000,1,diesel,audi,nein,14/03/2016 00:00,0,88131,06/04/2016 07:17
117,Volkswagen_Golf_1.8_5V_Turbo,privat,Angebot,6300,test,limousine,2002,manuell,265,golf,150000,3,benzin,volkswagen,nein,20/03/2016 00:00,0,56759,07/04/2016 01:45
118,Volkswagen_Corrado_1.8_G60,privat,Angebot,3500,control,coupe,1991,manuell,160,andere,150000,5,benzin,volkswagen,nein,04/04/2016 00:00,0,66111,06/04/2016 11:17
119,Polo_6n_Karosse_zu_verschenken,privat,Angebot,0,test,kleinwagen,1999,,0,,5000,0,benzin,volkswagen,,20/03/2016 00:00,0,37520,07/04/2016 02:45
120,BMW_320d_DPF,privat,Angebot,5950,test,limousine,2006,manuell,163,3er,150000,1,diesel,bmw,ja,09/03/2016 00:00,0,63526,10/03/2016 14:15
121,Honda_Jazz_1.2_S,privat,Angebot,1699,control,kleinwagen,2003,manuell,77,jazz,150000,8,benzin,honda,nein,03/04/2016 00:00,0,42105,07/04/2016 14:57
122,Volkswagen_vw_t4_Einzelstueck,privat,Angebot,4699,test,bus,1996,manuell,110,transporter,150000,8,benzin,volkswagen,nein,20/03/2016 00:00,0,79713,25/03/2016 13:45
123,Motorschaden_steuerrichmen_gerissen,privat,Angebot,400,control,limousine,2000,manuell,144,omega,150000,10,,opel,ja,23/03/2016 00:00,0,45968,05/04/2016 12:45
124,Volkswagen_Polo_1.4_FSI_Team,privat,Angebot,9290,control,kleinwagen,2010,manuell,86,polo,40000,5,benzin,volkswagen,nein,12/03/2016 00:00,0,35630,26/03/2016 06:17
125,Mercedes_Benz_Kabrio__Limousine___mit_Gas_Umbau....,privat,Angebot,7000,control,limousine,2003,manuell,120,slk,150000,5,benzin,mercedes_benz,nein,18/03/2016 00:00,0,57578,23/03/2016 08:44
126,Servo_Klima_Zv__usw,privat,Angebot,1199,test,kleinwagen,2000,manuell,60,twingo,150000,5,benzin,renault,nein,01/04/2016 00:00,0,28832,05/04/2016 13:44
127,Ford_Focus_1_6l*Klima*T√úV*,privat,Angebot,1750,test,limousine,2002,manuell,75,focus,125000,1,benzin,ford,nein,27/03/2016 00:00,0,33330,27/03/2016 12:36
128,Volkswagen_Golf_CL,privat,Angebot,1000,test,limousine,1990,manuell,54,golf,150000,2,benzin,volkswagen,nein,18/03/2016 00:00,0,47447,05/04/2016 23:16
129,BMW_740i,privat,Angebot,1800,control,limousine,1995,automatik,286,7er,150000,12,benzin,bmw,ja,11/03/2016 00:00,0,77866,20/03/2016 10:17
130,VW_Golf_6_1.4_Comfortline,privat,Angebot,8000,control,,2009,manuell,0,golf,100000,10,benzin,volkswagen,nein,20/03/2016 00:00,0,94139,06/04/2016 07:45
131,Opel_Combo_1.7_DTI___Kasten___Lkw_Zulassung___Euro3,privat,Angebot,1100,control,bus,2003,manuell,75,combo,150000,3,diesel,opel,nein,16/03/2016 00:00,0,96224,24/03/2016 11:46
132,Mercedes_Benz_E_270_T_CDI,privat,Angebot,2990,test,kombi,2001,automatik,170,e_klasse,150000,1,diesel,mercedes_benz,nein,09/03/2016 00:00,0,53520,17/03/2016 02:45
133,Opel_Corsa_1.0_T√úV_bis_01/17,privat,Angebot,300,control,kleinwagen,2000,manuell,54,corsa,150000,0,benzin,opel,,26/03/2016 00:00,0,59379,06/04/2016 09:15
134,BMW_E36_328i_Coupe_Schalter,privat,Angebot,3390,test,,2000,,0,3er,150000,2,,bmw,,20/03/2016 00:00,0,45739,28/03/2016 19:48
135,Volkswagen_Passat,privat,Angebot,2750,test,kombi,2001,manuell,131,passat,150000,12,diesel,volkswagen,nein,31/03/2016 00:00,0,90471,06/04/2016 16:45
136,Fabia_II_Combi_Greenline_1_2_TDI_DPF_mit_Gebrauchtwagengarantie,privat,Angebot,6990,control,kombi,2012,manuell,75,fabia,100000,5,diesel,skoda,nein,28/03/2016 00:00,0,44894,03/04/2016 13:58
137,Audi_Cabriolet_Typ_89_2.0L,privat,Angebot,4800,test,cabrio,1996,manuell,116,80,150000,6,benzin,audi,nein,01/04/2016 00:00,0,38300,05/04/2016 23:46
138,Mercedes_Benz_C_220_CDI_DPF_Automatik_Avantgarde,privat,Angebot,14499,control,limousine,2007,automatik,170,c_klasse,125000,5,diesel,mercedes_benz,nein,21/03/2016 00:00,0,13439,06/04/2016 15:45
139,Audi_80_5_Zylinder_b4_liebhaberfahrzeug,privat,Angebot,1450,control,limousine,1992,manuell,136,,150000,0,,audi,nein,27/03/2016 00:00,0,38709,05/04/2016 20:17
140,Verkaufe_ein_toppen_golf5,privat,Angebot,4300,test,limousine,2005,manuell,90,golf,150000,11,diesel,volkswagen,,03/04/2016 00:00,0,28779,05/04/2016 15:46
141,Honda_Civic_1.6i,privat,Angebot,2499,test,limousine,2003,manuell,110,civic,150000,12,benzin,honda,,24/03/2016 00:00,0,42853,24/03/2016 14:38
142,Alfa_Romeo_147_1.9_JTD_8V_M_Jet__DPF,privat,Angebot,3450,test,limousine,2007,manuell,120,147,150000,4,diesel,alfa_romeo,nein,02/04/2016 00:00,0,86678,04/04/2016 07:51
143,Mercedes_Benz_C180_mit_T√úV,privat,Angebot,350,test,limousine,1996,manuell,122,c_klasse,150000,9,benzin,mercedes_benz,,01/04/2016 00:00,0,49685,05/04/2016 10:48
144,BMW_530d_touring,privat,Angebot,3550,control,kombi,2000,automatik,184,5er,150000,11,diesel,bmw,nein,13/03/2016 00:00,0,72525,06/04/2016 08:45
145,Sehr_gepflegter_unfallfreier_Ford_C_Max_Style+_1_6_DPF_mit_AHK,privat,Angebot,8250,test,bus,2010,manuell,109,c_max,125000,10,diesel,ford,nein,28/03/2016 00:00,0,35606,07/04/2016 04:44
146,renault_clio_T√úV_NEU_bis_03_2018_inzahlungname_moeglich,privat,Angebot,800,test,kleinwagen,1998,manuell,54,clio,150000,11,benzin,renault,nein,09/03/2016 00:00,0,34516,14/03/2016 11:46
147,Audi_A4_b5_Avant_T√úV_10/17,privat,Angebot,1500,test,kombi,1996,manuell,126,a4,150000,0,,audi,nein,14/03/2016 00:00,0,24873,17/03/2016 00:45
148,Mercedes_Benz_GLK_250_BlueTEC_4Matic_Standhzg_Alcantara_Voll,privat,Angebot,41900,control,suv,2014,automatik,204,glk,40000,9,diesel,mercedes_benz,nein,30/03/2016 00:00,0,82131,06/04/2016 01:17
149,BMW_330d_schadow_line,privat,Angebot,4200,control,kombi,2003,automatik,204,3er,150000,1,diesel,bmw,nein,05/04/2016 00:00,0,53757,07/04/2016 13:16
150,Audi_100_c3_typ_44_bj_1985_quattro_krarosse_mit_achsen,privat,Angebot,150,control,,1985,,0,100,150000,4,benzin,audi,,06/03/2016 00:00,0,87616,07/04/2016 02:16
151,Volkswagen_Golf_3,privat,Angebot,1000,test,kleinwagen,1996,manuell,75,golf,150000,3,benzin,volkswagen,nein,27/03/2016 00:00,0,38640,01/04/2016 12:45
152,Krankenfahrstuhl_25_kmh__zu_verkaufen.,privat,Angebot,300,control,,2005,manuell,0,punto,40000,9,,fiat,ja,15/03/2016 00:00,0,26215,25/03/2016 04:19
153,Peugeot_307_90_Grand_Filou,privat,Angebot,800,control,limousine,2004,manuell,88,3_reihe,150000,9,benzin,peugeot,ja,09/03/2016 00:00,0,66333,20/03/2016 06:18
154,Mercedes_C_200_Kompressor,privat,Angebot,2300,control,limousine,2000,manuell,160,c_klasse,150000,5,benzin,mercedes_benz,nein,22/03/2016 00:00,0,40231,22/03/2016 11:41
155,Audi_A6_Avant_2_5tdi*Navi*Automatik*Euro4*,privat,Angebot,4000,test,kombi,2003,automatik,163,a6,150000,6,diesel,audi,nein,29/03/2016 00:00,0,22525,31/03/2016 01:47
156,POLO_1.2_KILIMA_WIE_NEU,privat,Angebot,6799,control,kleinwagen,2009,,60,,20000,5,benzin,volkswagen,nein,27/03/2016 00:00,0,89077,27/03/2016 20:47
157,Opel_meriva_1.6_16_v_lpg__z16xe_no_OPC,privat,Angebot,0,test,bus,2004,manuell,101,meriva,150000,10,lpg,opel,ja,11/03/2016 00:00,0,27432,12/03/2016 23:47
158,BMW_Z4_roadster_2.2i_M_Paket__Klima__Xenon,privat,Angebot,9450,control,cabrio,2004,manuell,170,z_reihe,150000,12,benzin,bmw,nein,03/04/2016 00:00,0,65549,07/04/2016 11:15
159,Fiat_Scudo_Bulli_Werkstattwagen_Diesel,privat,Angebot,0,test,,2006,,0,andere,5000,0,,fiat,,22/03/2016 00:00,0,44867,06/04/2016 06:17
160,KIA_SPORTAGE,privat,Angebot,14500,control,,2017,manuell,136,sportage,125000,5,diesel,kia,nein,09/03/2016 00:00,0,49696,05/04/2016 23:45
161,Mercedes_Benz_C_270_CDI_Elegance,privat,Angebot,6890,control,limousine,2003,manuell,170,c_klasse,125000,2,diesel,mercedes_benz,nein,10/03/2016 00:00,0,55743,01/04/2016 20:47
162,Kia_Sorento__coole_Farbe_schaut......,privat,Angebot,7500,test,suv,2007,automatik,194,sorento,5000,11,benzin,kia,,23/03/2016 00:00,0,34314,05/04/2016 15:47
163,Volkswagen_Golf_Function,privat,Angebot,800,control,limousine,1993,manuell,0,golf,10000,9,benzin,volkswagen,ja,01/04/2016 00:00,0,65929,07/04/2016 11:17
164,A_210_Evolution_AMG_Styling_absoluter_Festpreis,privat,Angebot,1499,test,kleinwagen,2002,manuell,140,a_klasse,150000,10,,mercedes_benz,nein,08/03/2016 00:00,0,16727,10/03/2016 17:44
165,is_ales_ok,privat,Angebot,500,control,kleinwagen,1999,manuell,0,,150000,0,benzin,renault,nein,19/03/2016 00:00,0,26969,01/04/2016 11:17
166,VW_Caddy_Lkw_Zulassung,privat,Angebot,1495,control,kombi,2001,,64,,150000,9,diesel,volkswagen,,28/03/2016 00:00,0,99086,04/04/2016 11:45
167,Mitsubishi_Space_ohne_T√úV,privat,Angebot,300,test,kleinwagen,1994,manuell,0,andere,150000,7,benzin,mitsubishi,,30/03/2016 00:00,0,26340,30/03/2016 10:50
168,OPEL_astra_G_T√úV_NEU,privat,Angebot,1200,control,,2018,manuell,75,astra,150000,0,,opel,nein,04/04/2016 00:00,0,15344,06/04/2016 14:45
169,VW_Golf_CL__2er_Golf____T√úV_bis_02/2018,privat,Angebot,850,test,limousine,1989,manuell,69,golf,125000,11,benzin,volkswagen,nein,21/03/2016 00:00,0,95485,05/04/2016 15:17
170,Volkswagen_T5_Transporter,privat,Angebot,8500,test,bus,2007,manuell,131,transporter,150000,12,diesel,volkswagen,nein,01/04/2016 00:00,0,17291,05/04/2016 21:45
171,Volvo_v40_mit_klima,privat,Angebot,300,test,kombi,1998,manuell,0,v40,150000,6,benzin,volvo,nein,16/03/2016 00:00,0,47137,25/03/2016 10:18
172,Honda_Civic_1.4i,privat,Angebot,1500,test,limousine,2000,manuell,75,civic,125000,11,benzin,honda,nein,28/03/2016 00:00,0,12163,02/04/2016 11:47
173,BMW_E34_518I,privat,Angebot,950,control,limousine,1995,manuell,115,5er,150000,0,benzin,bmw,,01/04/2016 00:00,0,27751,07/04/2016 07:46
174,Seat_Ibiza_1.2_12V,privat,Angebot,3200,test,kleinwagen,2004,manuell,64,ibiza,80000,2,benzin,seat,nein,14/03/2016 00:00,0,29633,05/04/2016 13:15
175,Ford_C_MAX_1.6_TDCi_Titanium__7_Sitzer_Topausstattung,privat,Angebot,11890,test,bus,2011,manuell,116,c_max,150000,4,diesel,ford,nein,19/03/2016 00:00,0,97737,06/04/2016 18:48
176,BMW_323_Ci_Automatik__Sitzheizung__Sportauspuff__Alufelgen_17Zoll,privat,Angebot,2900,test,coupe,2000,automatik,170,3er,150000,2,benzin,bmw,nein,28/03/2016 00:00,0,53332,30/03/2016 04:17
177,Ford_Mustang_GT_V8_Cabrio_Premium_Neuwagenzustand,privat,Angebot,19750,test,cabrio,2006,manuell,305,mustang,50000,7,benzin,ford,nein,07/03/2016 00:00,0,38350,12/03/2016 20:18
178,Volkswagen_Eos_2.0_FSI,privat,Angebot,9800,test,cabrio,2006,manuell,150,eos,60000,11,benzin,volkswagen,nein,16/03/2016 00:00,0,47198,06/04/2016 07:16
179,Ford_Fiesta_1.4_Ghia_Klima__Scheckheft__Tuev_NEU!!,privat,Angebot,1990,control,kleinwagen,2003,manuell,80,fiesta,125000,4,benzin,ford,nein,18/03/2016 00:00,0,13469,18/03/2016 12:39
180,Mercedes_Benz_Vito_115_CDI_Extralang_DPF_Aut.,privat,Angebot,10500,control,bus,2006,automatik,150,vito,150000,6,diesel,mercedes_benz,nein,18/03/2016 00:00,0,33729,05/04/2016 21:47
181,Opel_Astra_J_Design_Edition_1.7_CDTI_ecoflex,privat,Angebot,11000,test,limousine,2012,manuell,131,astra,70000,3,diesel,opel,nein,24/03/2016 00:00,0,34613,05/04/2016 11:56
182,Opel_Sintra_2.2__7_Sitzer,privat,Angebot,300,control,bus,1997,manuell,0,andere,150000,7,benzin,opel,,22/03/2016 00:00,0,24147,28/03/2016 00:15
183,Mercedes_Benz_E320_Cdi_/T√úV_05.2017_//Vollaustattung,privat,Angebot,2390,test,kombi,2000,automatik,197,e_klasse,150000,5,diesel,mercedes_benz,nein,20/03/2016 00:00,0,27474,05/04/2016 22:46
184,Skoda_Fabia_Combi_1.2_TSI_DSG_Style,privat,Angebot,16449,control,kombi,2015,automatik,110,fabia,10000,8,benzin,skoda,nein,08/03/2016 00:00,0,95502,06/04/2016 01:17
185,BMW_e46_318i_touring,privat,Angebot,2999,test,kombi,2001,manuell,0,3er,150000,7,benzin,bmw,,12/03/2016 00:00,0,45891,07/04/2016 09:17
186,Skoda_Fabian_Automatik._Kombi_Benziner,privat,Angebot,3000,control,,2016,automatik,75,fabia,150000,0,benzin,skoda,,21/03/2016 00:00,0,24782,31/03/2016 17:45
187,Audi_A4___1_8_TFSI___Xenon___Scheckheft___51_tkm___TOP_Zustand,privat,Angebot,14300,test,limousine,2011,manuell,120,a4,60000,5,benzin,audi,nein,28/03/2016 00:00,0,59494,06/04/2016 23:15
188,Volkswagen_Polo_1.4_United_1._Hand,privat,Angebot,5999,test,kleinwagen,2009,manuell,80,polo,125000,5,benzin,volkswagen,nein,21/03/2016 00:00,0,65529,05/04/2016 20:47
189,Audi_A6_Avant_2.5_TDI_quattro_S_line,privat,Angebot,3700,test,kombi,2003,automatik,179,a6,150000,11,diesel,audi,nein,10/03/2016 00:00,0,64846,13/03/2016 00:16
190,Volkswagen_Touran_1.9_TDI_DPF_Navi_PDC_Tempomat_AHK_T√úV_Neu,privat,Angebot,8999,test,bus,2007,manuell,105,touran,90000,2,diesel,volkswagen,nein,10/03/2016 00:00,0,26689,17/03/2016 09:16
191,BMW_530xd_e60_EZ10/2008,privat,Angebot,14000,test,limousine,2008,,235,,150000,0,,bmw,nein,12/02/2016 00:00,0,95131,07/04/2016 14:56
192,Ford_Mustang_V8_390cui,privat,Angebot,25000,control,coupe,1968,automatik,305,mustang,90000,11,benzin,ford,nein,31/03/2016 00:00,0,74547,06/04/2016 10:45
193,Audi_80_1.8_in_tadellosem_Zustand._Erst_71.000_km!,privat,Angebot,2790,control,limousine,1992,manuell,90,80,80000,3,benzin,audi,nein,30/03/2016 00:00,0,1219,05/04/2016 15:46
194,BMW_320i_Facelift,privat,Angebot,13400,control,limousine,2008,manuell,170,3er,100000,12,benzin,bmw,nein,20/03/2016 00:00,0,64289,07/04/2016 11:17
195,Volkswagen_Golf_Plus_1.6_Goal,privat,Angebot,4900,test,bus,2006,manuell,102,golf,150000,8,benzin,volkswagen,ja,25/03/2016 00:00,0,4288,06/04/2016 20:16
196,Volkswagen_Golf_R32_4Motion_DSG,privat,Angebot,11299,control,limousine,2006,automatik,250,golf,150000,8,benzin,volkswagen,nein,08/03/2016 00:00,0,22083,19/03/2016 09:46
197,Golf_1_6_Family,privat,Angebot,550,control,andere,1997,manuell,75,golf,150000,6,benzin,volkswagen,nein,03/04/2016 00:00,0,96175,07/04/2016 12:45
198,Hyundai_Getz_1.5_CRDi_VGT_GLS,privat,Angebot,1400,control,kleinwagen,2006,manuell,88,getz,150000,7,diesel,hyundai,ja,21/03/2016 00:00,0,51147,02/04/2016 22:47
199,VW_Polo_Coupe_86c_1990Bj._125193km,privat,Angebot,1200,test,coupe,1990,manuell,45,,150000,0,benzin,volkswagen,,27/03/2016 00:00,0,83317,07/04/2016 08:17
200,Opel_Insignia_2.0_CDTI_Sports_Tourer_Edition,privat,Angebot,9500,control,kombi,2011,manuell,131,insignia,150000,12,diesel,opel,nein,22/03/2016 00:00,0,31832,02/04/2016 13:15
201,Volkswagen_Golf_Variant_1.9_TDI_Joker,privat,Angebot,1800,test,kombi,1999,manuell,90,golf,150000,4,diesel,volkswagen,nein,20/03/2016 00:00,0,1920,06/04/2016 22:47
202,Renault_Twingo_Lazuli_sport_1.2_16V_T√úV_2_jahre,privat,Angebot,2800,control,,2018,manuell,75,twingo,125000,12,,renault,nein,24/03/2016 00:00,0,86199,07/04/2016 05:17
203,A3_2.0_TDI_Sportback_DPF_quattro,privat,Angebot,3200,control,kombi,2006,,0,a3,150000,11,diesel,audi,nein,08/03/2016 00:00,0,41748,08/03/2016 09:56
204,***_ACHTUNG_FORD_KA_NEU_T√úV_BIS_04/2087_ZU_VERKAUFEN_***,privat,Angebot,1350,test,kleinwagen,2002,manuell,60,ka,150000,8,benzin,ford,,04/04/2016 00:00,0,24103,07/04/2016 00:15
205,BMW_530d_Touring_Aut._TOP_Ausstattung!!!_Rabatt_!!,privat,Angebot,11000,test,kombi,2006,automatik,231,5er,150000,11,diesel,bmw,nein,02/04/2016 00:00,0,76332,07/04/2016 07:16
206,Nissan_Almera,privat,Angebot,1999,test,,2016,manuell,110,almera,150000,9,diesel,nissan,,03/04/2016 00:00,0,10997,05/04/2016 21:17
207,RENAULT_MEGANE_2.0_TURBO_COUPE_CABRIO_PRIVILEG,privat,Angebot,6900,control,cabrio,2006,manuell,163,megane,100000,1,benzin,renault,nein,31/03/2016 00:00,0,84416,06/04/2016 06:16
208,BMW_730er_V8_Automatik_aus_3er_Hand_top_fahrbereit__T√úV:07.16!!!,privat,Angebot,1600,test,limousine,1996,automatik,0,7er,150000,5,benzin,bmw,nein,30/03/2016 00:00,0,12057,01/04/2016 10:45
209,Audi_A6_Avant_2.7_TDI_DPF_multitronic,privat,Angebot,12999,control,kombi,2008,automatik,179,a6,150000,8,diesel,audi,nein,01/04/2016 00:00,0,25551,05/04/2016 14:18
210,BMW_BMW_535_d_xDrive_M_Sportpaket+Head_Up+Panorama++,privat,Angebot,18400,test,kombi,2011,automatik,313,5er,150000,11,diesel,bmw,nein,31/03/2016 00:00,0,52477,31/03/2016 13:44
211,Volkswagen_Vento_1.8_CLX,privat,Angebot,999,test,limousine,1995,manuell,75,andere,150000,10,benzin,volkswagen,nein,25/03/2016 00:00,0,76597,06/04/2016 06:45
212,"Audi_A3_2.0_TDI_Sportback_DPF_S_tronic_Navi_Xenon_19""",privat,Angebot,12899,test,kombi,2009,automatik,140,a3,150000,9,diesel,audi,nein,27/03/2016 00:00,0,51109,06/04/2016 02:15
213,BMW_318d_DPF,privat,Angebot,10500,control,limousine,2010,manuell,143,3er,150000,5,diesel,bmw,nein,31/03/2016 00:00,0,29683,06/04/2016 14:18
214,Smart_smart_&_pulse_cdi_T√úV_neu,privat,Angebot,2250,control,kleinwagen,2001,,41,fortwo,150000,10,diesel,smart,nein,13/03/2016 00:00,0,78224,30/03/2016 01:47
215,Volkswagen_Golf_1.4_Trendline,privat,Angebot,8500,test,limousine,2010,manuell,80,golf,50000,3,benzin,volkswagen,nein,02/04/2016 00:00,0,34385,02/04/2016 10:51
216,"BMW_130i_LCI_M_Paket_ab_Werk_Xenon_Schiebedach_18""",privat,Angebot,14900,test,limousine,2007,manuell,265,1er,150000,10,benzin,bmw,nein,05/04/2016 00:00,0,14129,05/04/2016 11:48
217,Golf_3_75PS_Klima_Schiebedach,privat,Angebot,500,control,kleinwagen,1994,manuell,75,golf,150000,3,benzin,volkswagen,nein,17/03/2016 00:00,0,23879,28/03/2016 14:45
218,VW_Lupo_1_0_l_Tuev_6/2017_viele_Neuteile_verbaut,privat,Angebot,1200,test,kleinwagen,2002,manuell,45,lupo,150000,9,benzin,volkswagen,nein,11/03/2016 00:00,0,38707,20/03/2016 07:18
219,Audi_A3_1.8_Ambiente,privat,Angebot,1250,control,limousine,1996,manuell,125,a3,150000,9,benzin,audi,nein,21/03/2016 00:00,0,63811,30/03/2016 01:18
220,VW_Polo_Coupe_86c_in_rot__guter_Zustand__alltagsauto,privat,Angebot,370,test,kleinwagen,1992,manuell,54,polo,125000,10,benzin,volkswagen,nein,04/04/2016 00:00,0,30926,04/04/2016 17:48
221,A6_Avant_Quattro,privat,Angebot,1000,test,kombi,1999,manuell,165,a6,150000,0,,audi,,16/03/2016 00:00,0,50181,06/04/2016 17:46
222,AB_SOFORT_Renault_19__Chamade__R19__88PS__Ph2__T√úV_05/17,privat,Angebot,350,control,limousine,1993,manuell,88,r19,150000,3,benzin,renault,nein,12/03/2016 00:00,0,6895,16/03/2016 08:16
223,BMW_325d_Coupe,privat,Angebot,8600,control,coupe,2007,manuell,197,3er,150000,4,diesel,bmw,nein,15/03/2016 00:00,0,72116,16/03/2016 08:42
224,Opel_zafira,privat,Angebot,2100,test,,2017,manuell,0,zafira,150000,12,diesel,opel,,13/03/2016 00:00,0,24782,13/03/2016 18:47
225,Volkswagen_Golf_Cabrio,privat,Angebot,2222,test,cabrio,1991,manuell,98,golf,150000,3,benzin,volkswagen,nein,07/03/2016 00:00,0,17495,06/04/2016 13:17
226,Caddy_14d_1.6SDI,privat,Angebot,850,control,,1985,manuell,54,caddy,150000,0,diesel,volkswagen,,27/03/2016 00:00,0,34471,05/04/2016 15:46
227,BMW_325i_Aut.,privat,Angebot,11800,test,limousine,2005,automatik,218,3er,150000,11,benzin,bmw,nein,05/04/2016 00:00,0,88255,07/04/2016 12:17
228,Ford_C_Max_zu_verkaufen!,privat,Angebot,4000,control,bus,2008,manuell,115,c_max,125000,6,diesel,ford,ja,29/03/2016 00:00,0,52525,06/04/2016 22:45
229,Mercedes_Benz_CDI_Kombi_Elegance,privat,Angebot,4650,test,kombi,2005,automatik,150,c_klasse,150000,8,diesel,mercedes_benz,,16/03/2016 00:00,0,12109,20/03/2016 09:44
230,Peugeot_206_1.4i_T√úV_NEU+8_Fach_Bereift+PANORAMADACH+4_T√úRER+,privat,Angebot,1450,test,kleinwagen,1999,manuell,75,2_reihe,150000,8,benzin,peugeot,nein,23/03/2016 00:00,0,21423,01/04/2016 15:15
231,T√úV_NEU!_Top_Anfaengerauto!_Corsa_1.4,privat,Angebot,900,test,,2017,manuell,60,corsa,150000,0,benzin,opel,nein,23/03/2016 00:00,0,33602,23/03/2016 16:51
232,Mondeo_TDCI_Bj._2002,privat,Angebot,800,control,kombi,2002,manuell,115,mondeo,150000,12,diesel,ford,,08/03/2016 00:00,0,34253,10/03/2016 08:17
233,Seat_Cordoba_Vario_1.9_TDI_T√úV_NEU!!_Gruene_Plakette!_VHB!,privat,Angebot,1600,test,kombi,2000,manuell,90,cordoba,150000,11,,seat,nein,20/03/2016 00:00,0,67346,26/03/2016 19:18
234,Volkswagen_Golf_V_1.4_Top_Zustand_*T√úV*,privat,Angebot,2800,control,limousine,2004,manuell,75,golf,100000,9,benzin,volkswagen,ja,05/03/2016 00:00,0,6295,16/03/2016 06:45
235,Mercedes_Benz_C_200_T_CDI_Avantgarde_DPF,privat,Angebot,5499,control,kombi,2004,manuell,122,c_klasse,150000,9,diesel,mercedes_benz,nein,14/03/2016 00:00,0,60318,17/03/2016 07:17
236,BMW_323i,privat,Angebot,5500,control,limousine,2000,manuell,170,3er,150000,5,benzin,bmw,nein,28/03/2016 00:00,0,41470,07/04/2016 01:16
237,Mondeo_Tddi_Teile_gesucht,privat,Angebot,0,test,kombi,2001,manuell,115,mondeo,150000,0,,ford,,16/03/2016 00:00,0,57627,26/03/2016 11:17
238,Suzuki_LJ_80_fuer_Bastler,privat,Angebot,1000,control,suv,1982,manuell,41,andere,150000,11,benzin,suzuki,,12/03/2016 00:00,0,56337,13/03/2016 00:45
239,Audi_A4_Avant_2.0_TDI_Attraction_150PS_Xenon+_Navi+,privat,Angebot,22290,control,kombi,2013,manuell,150,a4,50000,8,diesel,audi,nein,26/03/2016 00:00,0,84048,06/04/2016 11:45
240,ich_verkaufe_einen_Golf_5,privat,Angebot,3750,control,,2005,,75,golf,150000,0,,volkswagen,,14/03/2016 00:00,0,22115,20/03/2016 23:18
241,Lancia_Phedra_2.0_16v_JTD_Emblema,privat,Angebot,1440,control,bus,2003,manuell,109,andere,150000,11,diesel,lancia,nein,22/03/2016 00:00,0,83317,22/03/2016 11:59
242,Renault_Clio_1.4_RXE,privat,Angebot,1150,control,kleinwagen,2000,manuell,75,clio,150000,3,benzin,renault,nein,21/03/2016 00:00,0,44879,22/03/2016 19:20
243,Volkswagen_Golf_2.0_GTD_Bremsen+Scheiben+T√úV_NEU_NAVI,privat,Angebot,15700,test,limousine,2011,manuell,170,golf,90000,3,diesel,volkswagen,nein,05/03/2016 00:00,0,32832,11/03/2016 16:17
244,BMW_316i,privat,Angebot,899,control,coupe,1995,manuell,102,3er,150000,8,benzin,bmw,nein,17/03/2016 00:00,0,85640,20/03/2016 07:17
245,Mercedes_E_Klasse_kotfuegel_richt,privat,Angebot,130,test,kombi,1998,,0,e_klasse,150000,0,,mercedes_benz,,26/03/2016 00:00,0,22047,05/04/2016 22:15
246,Bmw_320i_Touring_mit_Lederausstattung_in_schwarz__Vollaustattung.,privat,Angebot,9200,test,kombi,2006,manuell,150,3er,150000,1,benzin,bmw,nein,01/04/2016 00:00,0,85659,05/04/2016 08:50
247,Mercedes_Benz_Sprinter_313_CDI_Doka_3_5t,privat,Angebot,3350,test,bus,2000,manuell,130,sprinter,150000,12,diesel,mercedes_benz,nein,20/03/2016 00:00,0,96472,21/03/2016 15:21
248,Renault_Clio_II_1.2_i_16V,privat,Angebot,2700,control,kleinwagen,2006,manuell,75,clio,125000,6,benzin,renault,ja,01/04/2016 00:00,0,34582,05/04/2016 17:26
249,Mazda_Premacy_1.9,privat,Angebot,800,test,bus,2001,automatik,114,andere,150000,4,benzin,mazda,ja,10/03/2016 00:00,0,35043,20/03/2016 15:45
250,Nissan_350_Z,privat,Angebot,10200,control,coupe,2008,manuell,0,andere,90000,6,benzin,nissan,,06/03/2016 00:00,0,71131,06/04/2016 22:17
251,Audi_A6_2.0_TDI_DPF_multitronic,privat,Angebot,9800,control,limousine,2008,automatik,140,a6,150000,10,diesel,audi,nein,03/04/2016 00:00,0,48249,03/04/2016 11:59
252,Volkswagen_Golf_2.0_GTI_DSG,privat,Angebot,14700,control,limousine,2012,automatik,211,golf,60000,12,benzin,volkswagen,ja,30/03/2016 00:00,0,42283,07/04/2016 12:45
253,Schicker__roter__Sportflitzer_GOLF_4_1_6,privat,Angebot,1200,control,limousine,1997,manuell,101,golf,150000,1,benzin,volkswagen,,28/03/2016 00:00,0,10777,30/03/2016 21:18
254,Mitsubishi_Colt_1300_GLi_|_original_65.500_Km_|_T√úV_neu,privat,Angebot,895,test,limousine,1995,manuell,75,colt,70000,3,benzin,mitsubishi,nein,01/04/2016 00:00,0,50823,01/04/2016 13:46
255,Volkswagen_6n,privat,Angebot,950,test,kleinwagen,1995,manuell,54,polo,150000,5,benzin,volkswagen,nein,30/03/2016 00:00,0,34270,05/04/2016 11:45
256,Subaru_Impreza_2.5i_US_Modell_sehr_selten___RS_STI_WRX__,privat,Angebot,8000,test,limousine,2006,manuell,177,impreza,150000,0,,subaru,nein,10/03/2016 00:00,0,66540,05/04/2016 13:17
257,BMW_540ia_M_packet_Shadowline,privat,Angebot,6799,test,limousine,2002,automatik,286,5er,150000,2,lpg,bmw,nein,16/03/2016 00:00,0,41836,07/04/2016 05:16
258,Opel_Corsa_MIT_T√úV__Geringer_Verbrauch__ALUFELGEN_!!!,privat,Angebot,500,control,kleinwagen,1999,manuell,56,corsa,150000,8,benzin,opel,nein,23/03/2016 00:00,0,32756,23/03/2016 19:54
259,Volkswagen_Polo_1.2_TSI_DSG_MATCH,privat,Angebot,11919,test,kleinwagen,2012,automatik,90,polo,30000,11,benzin,volkswagen,nein,05/03/2016 00:00,0,6110,07/04/2016 04:46
260,Porsche_Cayman_2.9___PCM/Navi___Sport_Chrono___T√úV_neu,privat,Angebot,25900,test,coupe,2009,manuell,265,andere,125000,5,benzin,porsche,nein,21/03/2016 00:00,0,93053,25/03/2016 06:17
261,vw_golf_3_90ps_lederausstattung,privat,Angebot,300,control,kleinwagen,1993,manuell,90,golf,150000,8,benzin,volkswagen,,25/03/2016 00:00,0,27412,04/04/2016 06:22
262,Audi_A1_1.6_TDI_Attraction,privat,Angebot,10800,control,kleinwagen,2010,manuell,105,a1,125000,12,diesel,audi,nein,06/03/2016 00:00,0,24537,09/03/2016 22:18
263,Opel_Vectra_Edition_2000_klimaautomatic_Standheizung___gepflegt,privat,Angebot,650,test,limousine,2002,manuell,101,vectra,150000,1,benzin,opel,nein,07/03/2016 00:00,0,16816,07/03/2016 10:49
264,BMW_318i_touring,privat,Angebot,800,test,kombi,2000,manuell,118,3er,150000,9,benzin,bmw,ja,10/03/2016 00:00,0,51647,10/03/2016 15:52
265,Volkswagen_Lupo_1.4_TDI,privat,Angebot,1690,test,kleinwagen,2001,manuell,75,lupo,150000,5,diesel,volkswagen,nein,27/03/2016 00:00,0,45147,01/04/2016 23:44
266,Megane_CC,privat,Angebot,3650,test,cabrio,2004,manuell,113,megane,150000,9,benzin,renault,,04/04/2016 00:00,0,21739,07/04/2016 00:45
267,Citro√´n_Berlingo_L1_1.6_HDi_75_Niveau_B,privat,Angebot,4850,test,bus,2009,manuell,75,berlingo,80000,1,diesel,citroen,nein,20/03/2016 00:00,0,42651,20/03/2016 19:49
268,Mitsubishi_Colt_Tuev_07/2016,privat,Angebot,450,control,,2016,manuell,0,,150000,3,benzin,mitsubishi,nein,04/04/2016 00:00,0,59302,06/04/2016 11:17
269,Mercedes__C220__CDI,privat,Angebot,1450,control,limousine,1999,manuell,0,c_klasse,5000,8,,mercedes_benz,nein,09/03/2016 00:00,0,39120,10/03/2016 01:17
270,Volkswagen_Passat_Variant_2.0_TDI,privat,Angebot,4500,control,kombi,2007,manuell,140,passat,150000,11,diesel,volkswagen,nein,05/03/2016 00:00,0,93437,06/03/2016 04:40
271,Volkswagen_Passat_Variant_2.0_5V_Comfortline_Family,privat,Angebot,3900,control,kombi,2003,manuell,131,passat,150000,4,benzin,volkswagen,nein,03/04/2016 00:00,0,39218,07/04/2016 09:44
272,Volkswagen_Caravelle_Lang_DSG_Navi_Standheiz._VOLL,privat,Angebot,26999,test,bus,2013,automatik,140,transporter,80000,10,diesel,volkswagen,nein,29/03/2016 00:00,0,83684,06/04/2016 11:47
273,Volkswagen_Passat_Variant_1.6,privat,Angebot,750,control,kombi,2000,manuell,101,passat,150000,3,benzin,volkswagen,nein,09/03/2016 00:00,0,23758,09/03/2016 11:41
274,"BMW_730d_VOLLAUSSTATTUNG__E38_""2.Hand""",privat,Angebot,5900,test,limousine,1999,automatik,184,7er,150000,10,diesel,bmw,nein,10/03/2016 00:00,0,9405,05/04/2016 23:46
275,Audi_A6_3.0_TDI_competition_S_Line_LED_BOSE,privat,Angebot,56900,control,limousine,2015,automatik,326,a6,5000,7,diesel,audi,nein,04/04/2016 00:00,0,45525,07/04/2016 04:16
276,Volkswagen_Golf_2.0,privat,Angebot,1100,control,limousine,2000,manuell,116,golf,150000,4,benzin,volkswagen,nein,12/03/2016 00:00,0,90439,12/03/2016 15:55
277,Mercedes_Benz_CLS_350_CDI_4Matic_7G_TRONIC,privat,Angebot,48000,test,coupe,2014,automatik,265,andere,80000,10,diesel,mercedes_benz,nein,11/03/2016 00:00,0,96123,05/04/2016 08:47
278,Renault_Clio_III_Sport_RS_201,privat,Angebot,8400,control,kleinwagen,2009,manuell,201,clio,70000,6,benzin,renault,nein,21/03/2016 00:00,0,99713,30/03/2016 04:46
279,Tausche_Youngtimer_Audi_80_mit_knapp_62000_km,privat,Angebot,1,test,limousine,1990,manuell,90,80,70000,6,benzin,audi,nein,11/03/2016 00:00,0,55122,26/03/2016 23:15
280,VW_Golf_IV_1.4_16V_Motorschaden?,privat,Angebot,800,test,limousine,1998,manuell,75,golf,150000,5,benzin,volkswagen,ja,29/03/2016 00:00,0,31275,06/04/2016 01:15
281,Mercedes_Benz_ML_350_CDI_4Matic_7G_TRONIC_DPF_BRABUS_AMG,privat,Angebot,27500,test,suv,2009,automatik,224,m_klasse,150000,12,diesel,mercedes_benz,nein,22/03/2016 00:00,0,54636,06/04/2016 13:16
282,Volkswagen_Touran_1.4_TSI_Highline_R_Line_7Sitze/Standheiz.,privat,Angebot,14950,test,bus,2009,manuell,140,touran,70000,3,benzin,volkswagen,nein,25/03/2016 00:00,0,55129,07/04/2016 05:46
283,BMW_Z4_roadster_2.2i,privat,Angebot,14900,control,cabrio,2004,manuell,170,z_reihe,70000,6,benzin,bmw,nein,28/03/2016 00:00,0,16321,07/04/2016 00:17
284,BMW_535i,privat,Angebot,2950,control,limousine,1998,automatik,235,5er,150000,5,benzin,bmw,nein,12/03/2016 00:00,0,97332,19/03/2016 19:16
285,Audi_80_coupe_top_gepflegt_2_0,privat,Angebot,1500,control,coupe,1994,manuell,116,,150000,8,,audi,nein,29/03/2016 00:00,0,32791,06/04/2016 20:16
286,VW_Tiguan_2.0_TDI_DPF_BlueMotion_Technology,privat,Angebot,12000,control,suv,2011,manuell,101,tiguan,150000,7,diesel,volkswagen,nein,30/03/2016 00:00,0,1069,31/03/2016 07:43
287,Mercedes_Benz_C_220_T_CDI_Elegance,privat,Angebot,2500,control,kombi,2001,automatik,150,c_klasse,150000,11,diesel,mercedes_benz,nein,15/03/2016 00:00,0,22549,04/04/2016 23:18
288,Volkswagen_Golf_4_Cabrio_2.0l_Benzin,privat,Angebot,2400,test,cabrio,2001,,115,golf,150000,8,benzin,volkswagen,nein,04/04/2016 00:00,0,47533,06/04/2016 19:18
289,Hyundai_i30_Withe_Edition,privat,Angebot,4600,test,,2017,manuell,109,i_reihe,125000,0,benzin,hyundai,nein,06/03/2016 00:00,0,93495,12/03/2016 10:16
290,Mitsubishi_3000_GT,privat,Angebot,6000,test,coupe,1995,manuell,286,andere,150000,4,benzin,mitsubishi,nein,17/03/2016 00:00,0,36093,05/04/2016 18:45
291,Ford_Fiesta_1.6_TDCi_Titanium,privat,Angebot,8950,control,kleinwagen,2012,manuell,95,fiesta,60000,1,diesel,ford,nein,07/03/2016 00:00,0,50968,05/04/2016 12:15
292,Opel_corsa_Topp_mit_1_Jahr_tuev,privat,Angebot,590,control,limousine,1996,manuell,0,corsa,150000,0,,opel,,29/03/2016 00:00,0,32052,06/04/2016 21:18
293,Ford_Fiesta_aus_1._Hand_mit_Getriebeschaden,privat,Angebot,150,test,,2016,automatik,75,fiesta,50000,1,benzin,ford,ja,24/03/2016 00:00,0,32457,30/03/2016 11:48
294,Ford_Mustang,privat,Angebot,18700,test,coupe,2009,automatik,213,mustang,80000,8,benzin,ford,nein,06/03/2016 00:00,0,97424,06/04/2016 05:44
295,VW_Polo_1_2_Match_Plus_Teilleder_Panorama_SHZ_PDC_Klimaautomatik,privat,Angebot,9500,test,limousine,2012,manuell,69,polo,50000,11,benzin,volkswagen,,20/03/2016 00:00,0,91722,03/04/2016 07:00
296,Volkswagen_Passat_3c_CC_2.0_TDI_DSG,privat,Angebot,11550,control,coupe,2009,automatik,140,passat,125000,12,diesel,volkswagen,nein,31/03/2016 00:00,0,26931,31/03/2016 15:48
297,Renault_Grand_Espace,privat,Angebot,1250,control,,2017,,0,espace,150000,8,benzin,renault,,20/03/2016 00:00,0,63073,22/03/2016 16:21
298,BMW_316i,privat,Angebot,2400,test,limousine,1989,manuell,102,3er,150000,10,benzin,bmw,nein,30/03/2016 00:00,0,95364,03/04/2016 06:53
299,VWTiguan_sehr_gepflegt,privat,Angebot,16150,test,suv,2011,manuell,150,tiguan,30000,4,benzin,volkswagen,nein,19/03/2016 00:00,0,6502,07/04/2016 02:15
300,Sharan_dti,privat,Angebot,3400,control,bus,2000,manuell,0,sharan,150000,10,diesel,volkswagen,nein,23/03/2016 00:00,0,38259,29/03/2016 13:16
301,Audi_1.Hand_Navi_Leder_Xenon,privat,Angebot,3000,test,coupe,2000,manuell,179,tt,150000,2,benzin,audi,nein,05/03/2016 00:00,0,55120,08/03/2016 10:18
302,Volkswagen_Golf_1.9_TDI_Comfortline,privat,Angebot,5500,test,limousine,2004,manuell,90,golf,150000,10,diesel,volkswagen,nein,28/03/2016 00:00,0,56235,06/04/2016 07:46
303,Mazda_6._Scheckheft,privat,Angebot,2000,test,limousine,2004,manuell,122,6_reihe,5000,7,diesel,mazda,nein,31/03/2016 00:00,0,54558,05/04/2016 00:44
304,Twingo_1_2,privat,Angebot,300,control,kleinwagen,1998,manuell,58,twingo,125000,11,,renault,,22/03/2016 00:00,0,42579,22/03/2016 13:54
305,Verkaufe_Renault_Megane_Classic_mit_Klima,privat,Angebot,890,control,limousine,2000,manuell,107,megane,150000,6,benzin,renault,ja,18/03/2016 00:00,0,41065,18/03/2016 21:37
306,Honda_jazz_1.4___5trg__mod_2006___klimatron___euro4___faehrt_super,privat,Angebot,2390,test,,2016,,83,jazz,150000,12,benzin,honda,nein,10/03/2016 00:00,0,78713,13/03/2016 03:17
307,Mercedes_Benz_A_klasse,privat,Angebot,1450,control,,2017,,0,a_klasse,150000,8,benzin,mercedes_benz,,07/03/2016 00:00,0,45886,08/03/2016 00:15
308,Astra_G__neu_T√úV,privat,Angebot,1699,control,limousine,1999,,75,astra,150000,12,benzin,opel,,10/03/2016 00:00,0,26817,16/03/2016 06:17
309,Mitsubishi_L_300,privat,Angebot,2899,test,bus,1996,manuell,69,andere,150000,9,diesel,mitsubishi,nein,09/03/2016 00:00,0,13409,05/04/2016 14:18
310,Volkswagen_Golf_1.4_Comfortline,privat,Angebot,4800,test,limousine,2004,manuell,75,golf,80000,12,benzin,volkswagen,nein,04/04/2016 00:00,0,22926,06/04/2016 21:16
311,Peugeot_308_175_THP_Sport_Plus__Navi__Panorama__Teilled.,privat,Angebot,6799,test,limousine,2008,manuell,174,3_reihe,90000,9,benzin,peugeot,nein,29/03/2016 00:00,0,58095,05/04/2016 14:47
312,VW_Touran___1.9_Diesel___6_Gang_Getriebe,privat,Angebot,3400,test,bus,2003,manuell,100,touran,150000,0,diesel,volkswagen,,09/03/2016 00:00,0,41061,26/03/2016 04:45
313,Opel_Astra_H_T√úV_neu,privat,Angebot,2650,test,limousine,2004,manuell,125,astra,150000,6,benzin,opel,nein,20/03/2016 00:00,0,96528,20/03/2016 14:56
314,Renault_Clio_1.6_16_V,privat,Angebot,1000,test,kleinwagen,1999,manuell,107,clio,150000,6,benzin,renault,nein,16/03/2016 00:00,0,14612,07/04/2016 04:46
315,Audi_a3_8l,privat,Angebot,800,test,coupe,1997,manuell,125,a3,150000,0,benzin,audi,ja,24/03/2016 00:00,0,64739,29/03/2016 00:44
316,Audi_A4_Cabriolet_3.0,privat,Angebot,5299,test,cabrio,2002,manuell,220,a4,150000,4,benzin,audi,nein,19/03/2016 00:00,0,80999,02/04/2016 14:46
317,Mercedes_Benz_E_220,privat,Angebot,7150,test,limousine,2002,manuell,150,e_klasse,150000,3,diesel,mercedes_benz,nein,19/03/2016 00:00,0,70619,29/03/2016 18:45
318,Tauache_90ccm_roller_gegen_auto,privat,Angebot,200,control,,2009,,0,,10000,0,,sonstige_autos,,21/03/2016 00:00,0,6493,24/03/2016 02:47
319,Citro√´n_c4_Coup√©_T√úV_2017,privat,Angebot,2300,control,coupe,2006,manuell,88,c4,150000,6,benzin,citroen,nein,31/03/2016 00:00,0,49565,05/04/2016 18:46
320,Biete_BMW_318_i_Kombi_auch_Tausch,privat,Angebot,1600,test,kombi,1999,manuell,0,,150000,6,benzin,bmw,nein,13/03/2016 00:00,0,41199,28/03/2016 12:46
321,Opel_Corsa._1_Jahr_Tuev.,privat,Angebot,350,test,,2017,,0,corsa,150000,0,benzin,opel,,08/03/2016 00:00,0,26655,08/03/2016 16:46
322,VW_Golf_Plus_DPF_140_PS_Rentnerfahrzeug,privat,Angebot,5500,control,bus,2006,manuell,140,golf,150000,8,diesel,volkswagen,nein,15/03/2016 00:00,0,87656,04/04/2016 18:45
323,Fiat_Panda_4x4_Raritaet,privat,Angebot,4400,test,kleinwagen,1997,manuell,54,panda,125000,7,benzin,fiat,nein,14/03/2016 00:00,0,78112,21/03/2016 02:16
324,Audi_A3_2.0_TDI_Sportback_DPF,privat,Angebot,7950,control,limousine,2008,manuell,140,a3,150000,10,diesel,audi,nein,01/04/2016 00:00,0,26419,01/04/2016 19:54
325,BMW_Z4_Coupe_3.0si_/Sommerfahrzeug,privat,Angebot,16500,test,coupe,2007,manuell,265,z_reihe,150000,3,benzin,bmw,nein,05/03/2016 00:00,0,71083,07/04/2016 12:17
326,BMW_Z4_roadster_2.2i_Automatik_Prof_Navi,privat,Angebot,8100,control,cabrio,2004,automatik,170,z_reihe,150000,9,benzin,bmw,nein,05/03/2016 00:00,0,38723,19/03/2016 20:47
327,VW_Buss_T5_Kastenwagen_mit_Klima_und_Anhaengerkupplung,privat,Angebot,3999,control,,2017,manuell,85,transporter,150000,10,diesel,volkswagen,,08/03/2016 00:00,0,50321,09/03/2016 04:46
328,Volkswagen_up!_ASG_high_up!,privat,Angebot,9750,test,kleinwagen,2013,automatik,75,up,60000,7,benzin,volkswagen,nein,10/03/2016 00:00,0,99817,07/04/2016 06:45
329,Mazda_3_2.2_MZR_CD_DPF_Sports_Line,privat,Angebot,7700,test,limousine,2009,manuell,185,3_reihe,150000,5,diesel,mazda,nein,03/04/2016 00:00,0,35510,05/04/2016 12:10
330,PEUGEOT_306_Cabriolet_1_6_Saint_Tropez,privat,Angebot,2500,control,cabrio,1999,manuell,88,3_reihe,150000,6,benzin,peugeot,,05/03/2016 00:00,0,65624,06/04/2016 22:15
331,Smart_smart_&_passion,privat,Angebot,1195,control,kleinwagen,1999,automatik,54,fortwo,125000,11,benzin,smart,nein,31/03/2016 00:00,0,86399,31/03/2016 10:45
332,Renault_Clio_Grandtour_1.2_16V_75_Dynamique,privat,Angebot,9790,control,kombi,2014,manuell,73,clio,30000,4,benzin,renault,nein,15/03/2016 00:00,0,10249,29/03/2016 20:18
333,Renault_Clio,privat,Angebot,1849,control,kleinwagen,1999,manuell,54,clio,90000,7,benzin,renault,nein,10/03/2016 00:00,0,53940,12/03/2016 22:18
334,Smart_Fortwo_Coupe_cdi__schwarz_,privat,Angebot,3300,test,kleinwagen,2006,automatik,41,fortwo,125000,8,diesel,smart,nein,28/03/2016 00:00,0,33719,30/03/2016 05:46
335,Volkswagen_Transporter_T4_70B_1F2,privat,Angebot,650,control,kombi,1991,manuell,77,transporter,150000,7,diesel,volkswagen,ja,05/03/2016 00:00,0,59348,07/04/2016 09:45
336,Toyota_Celica_GT,privat,Angebot,2600,control,coupe,1998,manuell,170,andere,150000,10,benzin,toyota,nein,26/03/2016 00:00,0,9437,06/04/2016 01:47
337,Mercedes_Benz_C_220_T_CDI_Avantgarde,privat,Angebot,11700,control,kombi,2008,manuell,170,andere,150000,7,diesel,mercedes_benz,nein,16/03/2016 00:00,0,91717,06/04/2016 23:16
338,renault_gebraucht,privat,Angebot,600,test,bus,1998,manuell,90,scenic,150000,6,benzin,renault,ja,21/03/2016 00:00,0,24143,26/03/2016 12:46
339,Hyundai_i30cw_1.4_Cl._Sparauto_LPG_Gas__1._Hand_scheckh.,privat,Angebot,4950,control,kombi,2009,manuell,109,i_reihe,150000,9,benzin,hyundai,nein,02/04/2016 00:00,0,87439,06/04/2016 14:16
340,LUPO_1.0_LPG_super_sparsam___8fach_bereift___T√úV_NEU_bis_03/2018!,privat,Angebot,1600,test,kleinwagen,2003,manuell,50,lupo,150000,3,benzin,volkswagen,nein,30/03/2016 00:00,0,55543,05/04/2016 11:45
341,BMW_3er_318_Ci_Edition_Exclusive_M_Technic_CABRIO_8500‚Ç¨,privat,Angebot,8499,control,cabrio,2006,manuell,150,3er,150000,3,benzin,bmw,nein,11/03/2016 00:00,0,51515,06/04/2016 04:44
342,Fiat_Sicento_Abart,privat,Angebot,1650,control,,2017,manuell,0,seicento,60000,5,benzin,fiat,nein,02/04/2016 00:00,0,91315,04/04/2016 14:16
343,Volkswagen_Golf_1.6,privat,Angebot,1700,control,limousine,1999,manuell,101,golf,150000,6,benzin,volkswagen,nein,09/03/2016 00:00,0,37619,10/03/2016 11:17
344,Kia_Ceed_1.4_CVVT_Attract_blau_metallic_SHZ_HU_2_/17,privat,Angebot,5750,control,limousine,2010,manuell,90,ceed,100000,2,benzin,kia,nein,19/03/2016 00:00,0,85665,06/04/2016 03:15
345,Renault_Kangoo_1.2_16V_Authentique,privat,Angebot,600,test,bus,2001,manuell,75,kangoo,150000,12,benzin,renault,ja,20/03/2016 00:00,0,58553,07/04/2016 02:44
346,Sehr_sauber_vw_polo_Mit_klimaanlage,privat,Angebot,0,control,,2005,,0,polo,150000,0,benzin,volkswagen,,06/03/2016 00:00,0,35392,07/03/2016 19:12
347,520_Navi__Klima___Automatik...,privat,Angebot,8700,test,limousine,2004,automatik,170,5er,150000,1,benzin,bmw,nein,25/03/2016 00:00,0,21682,06/04/2016 07:46
348,Mercedes_Benz_E220CDI_Kombi_Automatik,privat,Angebot,1200,control,kombi,1999,automatik,125,c_klasse,150000,2,diesel,mercedes_benz,nein,31/03/2016 00:00,0,53123,06/04/2016 08:17
349,Mazda_5_1.6_MZ_CD_Sendo,privat,Angebot,18880,test,bus,2014,manuell,116,5_reihe,20000,11,diesel,mazda,nein,20/03/2016 00:00,0,59872,06/04/2016 08:46
350,BMW_520d_Touring_Aut.,privat,Angebot,11200,control,kombi,2008,automatik,177,5er,150000,7,diesel,bmw,nein,19/03/2016 00:00,0,91301,01/04/2016 07:49
351,Camaro_3.4_..V6,privat,Angebot,3550,test,limousine,1993,manuell,0,andere,125000,11,benzin,chevrolet,,09/03/2016 00:00,0,54634,14/03/2016 15:15
352,Seat_Ibiza_Sport,privat,Angebot,3900,control,kleinwagen,2003,manuell,75,ibiza,125000,2,benzin,seat,nein,28/03/2016 00:00,0,53572,07/04/2016 00:46
353,BMW_118d_DPF,privat,Angebot,13849,test,limousine,2010,manuell,143,1er,80000,12,diesel,bmw,nein,10/03/2016 00:00,0,73485,06/04/2016 00:45
354,Skoda_Yeti_1.2_TSI_Ambition,privat,Angebot,13200,control,suv,2013,manuell,105,yeti,40000,3,benzin,skoda,nein,26/03/2016 00:00,0,79400,06/04/2016 10:45
355,Skoda_Fabia_1.4_16V_Combi_Elegance,privat,Angebot,2500,control,kombi,2001,manuell,101,fabia,125000,8,benzin,skoda,nein,28/03/2016 00:00,0,81541,07/04/2016 03:45
356,Skoda_Fabia_1.2_HTP_Cool_Edition,privat,Angebot,2550,test,kleinwagen,2006,manuell,54,fabia,150000,4,benzin,skoda,nein,02/04/2016 00:00,0,27419,02/04/2016 20:50
357,Skoda_Octavia_Combi_1.6_Gas_1.hand__Scheckheft,privat,Angebot,3900,test,kombi,2006,manuell,102,octavia,150000,11,lpg,skoda,nein,10/03/2016 00:00,0,26419,15/03/2016 19:15
358,BMW_330i,privat,Angebot,2450,test,limousine,2001,manuell,231,3er,150000,11,benzin,bmw,nein,16/03/2016 00:00,0,85748,19/03/2016 06:46
359,Opel_Corsa_B_1.2_T√úV_11/16_Webasto_Standheizung,privat,Angebot,500,control,kleinwagen,1996,manuell,45,corsa,70000,4,benzin,opel,,03/04/2016 00:00,0,8496,07/04/2016 11:17
360,Volkswagen_Passat_Variant_1.9_TDI,privat,Angebot,750,control,kombi,1998,manuell,90,passat,150000,12,diesel,volkswagen,nein,27/03/2016 00:00,0,35415,29/03/2016 14:30
361,Opel_Zafira_irmscher,privat,Angebot,1799,control,bus,1999,automatik,116,zafira,150000,7,benzin,opel,nein,23/03/2016 00:00,0,64579,25/03/2016 01:45
362,Golf_3_mit_gas_Anlage,privat,Angebot,950,control,kleinwagen,1997,manuell,0,golf,150000,6,,volkswagen,nein,10/03/2016 00:00,0,53639,23/03/2016 16:21
363,Seat_Mii_1.0_Style_Salsa_Sport_Navi__Klima__Tempom...,privat,Angebot,8150,control,kleinwagen,2012,manuell,75,mii,60000,11,benzin,seat,nein,15/03/2016 00:00,0,83646,16/03/2016 17:46
364,Mazda_RX_8,privat,Angebot,3900,test,coupe,2004,manuell,192,rx_reihe,125000,7,benzin,mazda,nein,03/03/2016 00:00,0,57520,29/03/2016 05:18
365,Peugeot_107_Klima,privat,Angebot,5500,test,kleinwagen,2012,manuell,68,,40000,12,,peugeot,nein,08/03/2016 00:00,0,24536,21/03/2016 21:44
366,Opel_Corsa_1.4_ecoFLEX_Start/Stop_Color_Edition,privat,Angebot,9999,control,kleinwagen,2014,manuell,90,corsa,20000,9,benzin,opel,nein,30/03/2016 00:00,0,55294,06/04/2016 23:46
367,Vw_golf_2_T√úV_neu_!!,privat,Angebot,1050,test,,2018,,0,golf,150000,0,,volkswagen,,12/03/2016 00:00,0,53567,07/04/2016 10:44
368,!!!_Ford_Mondeo__mit_T√úV___das_ist_wichtig_Tausche__auch_!!!,privat,Angebot,500,control,kombi,2001,manuell,131,mondeo,150000,12,diesel,ford,nein,31/03/2016 00:00,0,66117,06/04/2016 14:17
369,VW_Golf_1.8_Autogas_mit_Benzin_4_Tuere,privat,Angebot,699,control,limousine,1992,manuell,66,golf,150000,10,lpg,volkswagen,nein,29/03/2016 00:00,0,67065,06/04/2016 02:15
370,opel_astra_f_cabriolet,privat,Angebot,999,control,cabrio,1994,manuell,115,astra,150000,3,benzin,opel,nein,05/04/2016 00:00,0,56070,05/04/2016 12:26
371,Audi_A6_4B_4_2_V8,privat,Angebot,6250,test,limousine,2003,,299,a6,150000,3,benzin,audi,,03/04/2016 00:00,0,49733,05/04/2016 15:16
372,Volkswagen_T2_Bus,privat,Angebot,10000,control,bus,1976,,0,transporter,5000,0,benzin,volkswagen,,17/03/2016 00:00,0,73479,19/03/2016 14:21
373,Peugeot__F__206_mit_Motorschaden,privat,Angebot,300,control,kleinwagen,2001,manuell,0,,150000,5,benzin,peugeot,ja,23/03/2016 00:00,0,84579,25/03/2016 15:22
374,BMW_635_CSi_!_Top_gepflegt_!_H_Kennz._!_T√úV_2017,privat,Angebot,16500,test,coupe,1983,manuell,218,6er,150000,10,benzin,bmw,nein,30/03/2016 00:00,0,42719,01/04/2016 08:18
375,Ford_Focus_1.8__FFV__flexifuel_Style,privat,Angebot,6500,control,limousine,2007,manuell,125,focus,125000,9,andere,ford,nein,14/03/2016 00:00,0,97199,05/04/2016 11:51
376,Corvette_Z06,privat,Angebot,49500,test,cabrio,2013,,0,,10000,6,benzin,sonstige_autos,nein,11/03/2016 00:00,0,79774,13/03/2016 04:45
377,Renault_Modus,privat,Angebot,1200,control,,2016,manuell,75,modus,150000,0,benzin,renault,ja,31/03/2016 00:00,0,47546,31/03/2016 19:43
378,Golf_Cabrio,privat,Angebot,1480,test,cabrio,2000,manuell,74,golf,150000,6,benzin,volkswagen,,21/03/2016 00:00,0,19246,05/04/2016 14:17
379,Fiat_Punto_188_SX__97.000km__T√úV__8_Fach_Bereifung__MP3_Radio,privat,Angebot,1490,control,kleinwagen,2000,manuell,60,punto,100000,6,benzin,fiat,nein,26/03/2016 00:00,0,59557,06/04/2016 14:15
380,Opel_Astra_1.7_CDTI_Caravan_DPF_Catch_me_now,privat,Angebot,3200,control,kombi,2008,manuell,110,astra,150000,5,diesel,opel,nein,30/03/2016 00:00,0,47495,05/04/2016 09:52
381,Audi_A6_Avant_2.5_TDI_T√úV_10.2017,privat,Angebot,3250,control,kombi,2003,manuell,163,a6,150000,4,diesel,audi,nein,04/04/2016 00:00,0,40789,06/04/2016 12:17
382,Volkswagen_Fox_1.2__KLIMA,privat,Angebot,3400,test,kleinwagen,2006,manuell,54,fox,70000,6,benzin,volkswagen,nein,26/03/2016 00:00,0,33790,07/04/2016 01:46
383,Renault_Twingo_mit_Faltdach,privat,Angebot,1100,test,kleinwagen,2002,manuell,58,twingo,150000,5,benzin,renault,nein,28/03/2016 00:00,0,44623,06/04/2016 19:16
384,Opel_Vectra_2.2_DTI,privat,Angebot,1750,test,limousine,2002,manuell,125,vectra,150000,4,diesel,opel,nein,25/03/2016 00:00,0,73431,06/04/2016 20:16
385,VW_Passat_2l_TDI_DSG_Automatik,privat,Angebot,3300,test,kombi,2006,automatik,140,passat,150000,11,diesel,volkswagen,nein,29/03/2016 00:00,0,33775,31/03/2016 15:16
386,Chevrolet_Matiz_0.8_SE,privat,Angebot,1350,test,kleinwagen,2005,manuell,52,matiz,150000,6,benzin,chevrolet,ja,02/04/2016 00:00,0,91207,06/04/2016 10:17
387,Fiat_Panda_1.2_4x4_Climbing,privat,Angebot,8250,control,kleinwagen,2012,manuell,69,panda,80000,2,benzin,fiat,nein,04/04/2016 00:00,0,42555,06/04/2016 11:45
388,Vw_beetle_highline_2_0_l_lederausstattung_+++,privat,Angebot,2500,test,kleinwagen,2000,manuell,115,beetle,150000,1,benzin,volkswagen,nein,24/03/2016 00:00,0,7987,05/04/2016 17:17
389,Audi_A6_Avant_2.5_TDI_GR√úNE_Plakette_VOLL,privat,Angebot,3999,test,kombi,2004,automatik,163,a6,150000,3,diesel,audi,nein,16/03/2016 00:00,0,18442,05/04/2016 23:16
390,Mercedes_Benz_ML_63_AMG_4Matic_7G_TRONIC,privat,Angebot,21500,test,suv,2007,automatik,510,m_klasse,150000,4,lpg,mercedes_benz,nein,31/03/2016 00:00,0,33178,06/04/2016 17:45
391,BMW_118i,privat,Angebot,7000,test,limousine,2007,manuell,143,1er,150000,9,benzin,bmw,nein,23/03/2016 00:00,0,85375,29/03/2016 02:16
392,Renault_Grand_Scenic__7_Sitzer__EURO_4,privat,Angebot,2950,test,bus,2005,manuell,131,andere,150000,6,diesel,renault,nein,12/03/2016 00:00,0,91781,17/03/2016 10:17
393,Hyundai_i20,privat,Angebot,4850,control,kleinwagen,2010,manuell,77,i_reihe,100000,12,benzin,hyundai,,18/03/2016 00:00,0,65936,20/03/2016 08:35
394,Fiat_Punto_1.2,privat,Angebot,1100,test,kleinwagen,2000,manuell,60,punto,60000,6,benzin,fiat,nein,10/03/2016 00:00,0,87600,11/03/2016 02:16
395,Opel_Vectra_2_2_GTS_Tuev_12/2017,privat,Angebot,3600,control,limousine,2003,manuell,147,vectra,125000,4,benzin,opel,nein,20/03/2016 00:00,0,90439,25/03/2016 06:45
396,Volkswagen_Golf_1.4_Comfortline,privat,Angebot,7750,control,limousine,2009,manuell,80,golf,125000,9,benzin,volkswagen,nein,02/04/2016 00:00,0,57392,06/04/2016 18:16
397,VW_Polo_1.2_*sehr_gepflegter_Zustand*,privat,Angebot,2950,test,kleinwagen,2004,manuell,54,polo,90000,12,benzin,volkswagen,,11/03/2016 00:00,0,41812,12/03/2016 23:16
398,Opel_corsa_Unfallfahrzeug,privat,Angebot,400,test,,2017,manuell,65,corsa,150000,3,benzin,opel,ja,02/04/2016 00:00,0,56479,06/04/2016 11:46
399,BMW_520d_Touring_Aut.___NAVI___AHK___Scheckheft,privat,Angebot,6880,test,kombi,2007,automatik,150,5er,150000,9,diesel,bmw,nein,08/03/2016 00:00,0,83236,09/03/2016 07:15
400,Volkswagen_Golf_Plus_DSG_Navi,privat,Angebot,5600,control,bus,2008,automatik,140,golf,150000,7,diesel,volkswagen,nein,27/03/2016 00:00,0,42281,07/04/2016 11:45
401,Volkswagen_Golf_1.2TSI_BlueMotion_Technology_DSG_NEUWAGENGARANTIE,privat,Angebot,10550,test,limousine,2012,automatik,105,golf,60000,10,benzin,volkswagen,nein,07/03/2016 00:00,0,44309,22/03/2016 01:18
402,Mercedes_Benz_A_180__BlueEFFICIENCY_,privat,Angebot,17500,test,limousine,2013,manuell,122,a_klasse,40000,11,benzin,mercedes_benz,nein,13/03/2016 00:00,0,55481,06/04/2016 00:15
403,Seat_Ibiza_1.4,privat,Angebot,999,control,kleinwagen,1999,manuell,60,ibiza,150000,4,benzin,seat,nein,22/03/2016 00:00,0,73340,31/03/2016 09:44
404,Opel_Astra_Automatik,privat,Angebot,3400,control,,2018,,0,astra,150000,8,benzin,opel,nein,12/03/2016 00:00,0,44789,23/03/2016 08:47
405,Opel_Astra_Kombi_mit_Anhaengerkupplung,privat,Angebot,2000,control,kombi,1998,manuell,115,astra,150000,12,benzin,opel,nein,15/03/2016 00:00,0,86859,05/04/2016 17:21
406,Citroen__c1,privat,Angebot,2350,test,,2006,,0,c1,5000,0,andere,citroen,,25/03/2016 00:00,0,26123,07/04/2016 00:46
407,Astra_Gsi_C20let_3xxPs_Eds_F28,privat,Angebot,6250,control,,2016,manuell,310,astra,150000,0,,opel,,01/04/2016 00:00,0,58809,03/04/2016 16:47
408,Audi_A4_1.8,privat,Angebot,2700,control,limousine,1999,manuell,125,a4,125000,7,benzin,audi,nein,20/03/2016 00:00,0,57072,07/04/2016 09:45
409,Opel_Corsa_Grand_Slam,privat,Angebot,500,test,kleinwagen,1995,manuell,45,corsa,150000,5,benzin,opel,nein,28/03/2016 00:00,0,85748,30/03/2016 02:46
410,Smart_smart_fortwo_cabrio_pulse_micro_hybrid_drive,privat,Angebot,5555,control,cabrio,2010,automatik,71,fortwo,90000,3,benzin,smart,nein,30/03/2016 00:00,0,85540,07/04/2016 04:15
411,Mercedes_Benz_A_160_BlueEFFICIENCY_Avantgarde,privat,Angebot,8450,test,limousine,2010,manuell,95,a_klasse,70000,12,benzin,mercedes_benz,nein,12/03/2016 00:00,0,21465,07/04/2016 11:44
412,Opel_Astra_G_Cabrio,privat,Angebot,2750,control,cabrio,2001,manuell,147,astra,150000,9,benzin,opel,,15/03/2016 00:00,0,44359,06/04/2016 04:45
413,Opel_corsa_b_tuev_3.2018,privat,Angebot,650,control,kleinwagen,1997,manuell,45,corsa,150000,1,benzin,opel,nein,08/03/2016 00:00,0,48683,12/03/2016 13:45
414,Ford_Focus_Trend,privat,Angebot,680,control,limousine,2000,manuell,75,focus,150000,5,benzin,ford,nein,15/03/2016 00:00,0,67661,06/04/2016 03:16
415,Opel_Corsa_B___________AHK,privat,Angebot,444,test,kleinwagen,1995,manuell,45,corsa,150000,1,benzin,opel,nein,30/03/2016 00:00,0,58452,01/04/2016 13:45
416,Peugeot_207_75,privat,Angebot,4650,test,kleinwagen,2009,manuell,73,2_reihe,70000,10,benzin,peugeot,nein,24/03/2016 00:00,0,50674,24/03/2016 20:46
417,Kia_Rio_1.4_EX,privat,Angebot,4450,control,kleinwagen,2007,manuell,97,rio,70000,6,benzin,kia,nein,14/03/2016 00:00,0,45892,14/03/2016 15:49
418,Nissan_Micra_1.2_Tuev_Neu_Maerz_2018_OHNE_M√ÑNGEL_Top_Zustand,privat,Angebot,1999,control,kleinwagen,2003,manuell,65,micra,80000,6,benzin,nissan,nein,29/03/2016 00:00,0,70376,29/03/2016 13:56
419,Opel_Zafira_1.7_CDT_AHK_Regen_Lichtsensor__unfallfrei,privat,Angebot,9650,control,bus,2011,manuell,110,zafira,100000,3,diesel,opel,nein,05/03/2016 00:00,0,49477,06/03/2016 03:44
420,W124_320_E_T√úV_03/2017_5_Gang_Automatik_KLIMA,privat,Angebot,2700,test,limousine,1992,automatik,220,e_klasse,150000,12,benzin,mercedes_benz,,11/03/2016 00:00,0,71706,16/03/2016 03:16
421,Peugeot_806_HDi_je_parle_francais_la_110,privat,Angebot,2200,control,bus,2000,manuell,0,andere,150000,3,diesel,peugeot,nein,22/03/2016 00:00,0,54296,26/03/2016 13:46
422,Schlachte_Golf_4._89.000_KM._Blau_1.4_16V,privat,Angebot,1,control,,2000,,75,golf,90000,3,benzin,volkswagen,,29/03/2016 00:00,0,78588,06/04/2016 04:45
423,Volkswagen_Fox_zu_verkaufen._Top_Zustand,privat,Angebot,4500,control,,2016,,0,fox,60000,10,,volkswagen,,08/03/2016 00:00,0,41466,06/04/2016 23:17
424,Mercedes_Benz_A_140__2.Hand_Scheckheft_gepfl.,privat,Angebot,3850,test,limousine,2004,automatik,82,a_klasse,125000,6,benzin,mercedes_benz,nein,08/03/2016 00:00,0,59348,21/03/2016 03:46
425,Volkswagen_Touareg_3.0_V6_TDI_DPF_Aut._Individual,privat,Angebot,15500,control,suv,2008,automatik,239,touareg,150000,4,diesel,volkswagen,nein,04/04/2016 00:00,0,45355,06/04/2016 13:44
426,Corvette_C1_1959_top_Zustand,privat,Angebot,90500,control,cabrio,1959,automatik,295,andere,90000,7,benzin,chevrolet,nein,18/03/2016 00:00,0,94032,03/04/2016 21:17
427,Alfa_Giulietta_2.0_JTDm_mit_QV_Ausstattung,privat,Angebot,13950,control,andere,2011,manuell,140,,60000,11,diesel,alfa_romeo,nein,26/03/2016 00:00,0,86830,06/04/2016 14:15
428,BMW_530D_E39,privat,Angebot,3400,control,limousine,2002,automatik,193,5er,150000,12,diesel,bmw,,29/03/2016 00:00,0,24143,06/04/2016 04:17
429,Seat_Ibiza_SC_1.4_TSI_DSG_Cupra,privat,Angebot,11500,control,kleinwagen,2010,automatik,179,ibiza,50000,11,benzin,seat,nein,29/03/2016 00:00,0,60596,06/04/2016 09:17
430,BMW_323i._e_21_Gesucht__In_jeden_Zustand_,privat,Angebot,0,test,,1985,,0,3er,150000,0,,bmw,,11/03/2016 00:00,0,85051,11/03/2016 11:41
431,Dacia_Logan_MCV_1.5_dCi,privat,Angebot,2800,test,kombi,2007,manuell,68,logan,150000,6,diesel,dacia,nein,26/03/2016 00:00,0,64859,06/04/2016 04:15
432,Vw_polo_tuf_04_2016,privat,Angebot,120,test,kleinwagen,1995,manuell,0,polo,150000,0,benzin,volkswagen,,01/04/2016 00:00,0,68309,01/04/2016 21:46
433,Mercedes_Benz_E220_|_220_E_|_T√úV_03/2017_|_w124_|_E_Klasse,privat,Angebot,1490,control,limousine,1992,automatik,136,e_klasse,150000,2,benzin,mercedes_benz,nein,04/04/2016 00:00,0,13349,06/04/2016 15:16
434,Vw_Caddy_1_9_sdi,privat,Angebot,650,test,kombi,2000,manuell,75,caddy,150000,6,diesel,volkswagen,,10/03/2016 00:00,0,38259,10/03/2016 11:44
435,Suzuki_Vitara_1_6_L_Benziner,privat,Angebot,1199,control,suv,1992,manuell,80,andere,150000,5,benzin,suzuki,nein,01/04/2016 00:00,0,35039,07/04/2016 00:16
436,Mazda_626_als_Ersatzteilespender_oder_Wiederaufbau,privat,Angebot,350,test,kombi,1998,manuell,0,6_reihe,150000,0,benzin,mazda,ja,08/03/2016 00:00,0,54655,07/04/2016 14:56
437,Alfa_Romeo_Spiber,privat,Angebot,3200,control,cabrio,2001,manuell,150,spider,150000,6,,alfa_romeo,,21/03/2016 00:00,0,24939,31/03/2016 08:18
438,KIA_OPIRUS_3_5_V6_EX,privat,Angebot,4000,control,limousine,2004,manuell,203,andere,150000,9,lpg,kia,nein,29/03/2016 00:00,0,23558,06/04/2016 03:45
439,Renault__Megane__Grandtour_Exception_2_0_dci_Scheckheft_blau,privat,Angebot,6450,control,kombi,2006,manuell,150,megane,125000,9,diesel,renault,nein,13/03/2016 00:00,0,25715,06/04/2016 19:17
440,Opel_Corsa_1.2_16V_Comfort_Tuev/AU_neu,privat,Angebot,1690,test,kleinwagen,2001,manuell,75,corsa,150000,10,benzin,opel,nein,03/04/2016 00:00,0,63263,06/04/2016 22:46
441,Volkswagen_Passat_2.5_TDI_V6_4Motion_Highline,privat,Angebot,1750,test,limousine,2002,automatik,150,passat,150000,12,diesel,volkswagen,nein,09/03/2016 00:00,0,90768,07/04/2016 09:17
442,Mercedes_Benz_A_140_Classic_Klima_Scheckheft_DB_T√úV_neu,privat,Angebot,2990,test,limousine,2001,automatik,82,a_klasse,70000,3,benzin,mercedes_benz,nein,08/03/2016 00:00,0,23968,15/03/2016 07:44
443,Astra_cabrio,privat,Angebot,1299,control,,2016,manuell,75,astra,150000,5,,opel,nein,02/04/2016 00:00,0,59425,02/04/2016 18:42
444,Audi_A4_Avant_1_8_Lichtpaket__Benzin__MMI__Xenon__Leder,privat,Angebot,11000,test,kombi,2010,automatik,0,a4,150000,1,benzin,audi,nein,24/03/2016 00:00,0,24837,07/04/2016 13:15
445,Vw_lupo_1.0_klima_servo_1_Jahr_T√úV,privat,Angebot,1000,test,kleinwagen,2000,manuell,50,lupo,150000,2,benzin,volkswagen,nein,19/03/2016 00:00,0,65824,06/04/2016 23:46
446,Microcar_MC1,privat,Angebot,3950,test,kleinwagen,2004,automatik,5,,70000,5,diesel,sonstige_autos,nein,20/03/2016 00:00,0,90562,03/04/2016 04:17
447,Opel_Omega_mit_Hagelschaden,privat,Angebot,650,test,kombi,2000,manuell,144,omega,150000,4,benzin,opel,ja,25/03/2016 00:00,0,72820,06/04/2016 12:44
448,CITREON_JUMPER_2_2_2010_LKW__KASTEN_HOCH_UND_LANG_TOP,privat,Angebot,5500,test,andere,2010,manuell,120,andere,150000,7,diesel,citroen,nein,02/04/2016 00:00,0,7545,02/04/2016 22:44
449,Citroeen_Xara_1_4_inklusive_Neu_T√úV/AU,privat,Angebot,1299,test,coupe,1998,manuell,75,andere,150000,9,benzin,citroen,nein,29/03/2016 00:00,0,13435,06/04/2016 01:15
450,Passat_fuer_ausschalten,privat,Angebot,1300,control,,2017,manuell,150,,150000,10,,volkswagen,nein,27/03/2016 00:00,0,70374,05/04/2016 15:15
451,VW_Touran_1.9_TDI_United,privat,Angebot,5800,control,bus,2007,manuell,105,,150000,11,diesel,volkswagen,ja,02/04/2016 00:00,0,31319,04/04/2016 15:47
452,Mercedes_Benz_C_180_T_Kompressor_Automatik_Elegance,privat,Angebot,7600,test,kombi,2004,automatik,143,c_klasse,150000,12,benzin,mercedes_benz,nein,25/03/2016 00:00,0,27777,06/04/2016 23:17
453,Volkswagen_Golf_Variant_1.4_TSI_DSG_Highline_Xenon_Panorama,privat,Angebot,13499,control,kombi,2010,automatik,160,golf,60000,4,benzin,volkswagen,nein,26/03/2016 00:00,0,4107,06/04/2016 06:16
454,Daihatsu_Cuore_1.0_Top,privat,Angebot,1490,test,kleinwagen,2007,manuell,58,cuore,150000,3,benzin,daihatsu,nein,08/03/2016 00:00,0,44145,12/03/2016 21:44
455,Volkswagen_Golf_1.4_Tour,privat,Angebot,5500,test,limousine,2007,manuell,80,golf,125000,7,benzin,volkswagen,nein,12/03/2016 00:00,0,31246,06/04/2016 23:17
456,BMW_318i,privat,Angebot,2350,control,limousine,2003,manuell,143,3er,150000,4,benzin,bmw,nein,04/04/2016 00:00,0,65558,05/04/2016 12:14
457,Ford_C_Max,privat,Angebot,3000,control,,2016,manuell,0,c_max,150000,3,diesel,ford,,31/03/2016 00:00,0,16348,06/04/2016 07:15
458,VW_golf_1_4_4_tuer,privat,Angebot,1950,control,,2017,manuell,0,,150000,7,benzin,volkswagen,nein,24/03/2016 00:00,0,70376,30/03/2016 18:16
459,Ford_S_Max_2.0_TDCi_DPF_Aut._Trend,privat,Angebot,6350,control,bus,2009,automatik,140,s_max,150000,10,diesel,ford,nein,12/03/2016 00:00,0,45699,07/04/2016 06:45
460,Mazda_Premacy_1.9_T√úV_NEU,privat,Angebot,750,control,bus,1999,manuell,101,andere,150000,12,benzin,mazda,nein,02/04/2016 00:00,0,55128,02/04/2016 17:45
461,Opel_Vectra_1_6,privat,Angebot,1500,control,limousine,1998,automatik,101,vectra,150000,8,benzin,opel,nein,27/03/2016 00:00,0,44809,31/03/2016 01:45
462,Audi_A4_1.8_T_quattro,privat,Angebot,8500,test,limousine,2003,manuell,300,a4,150000,3,benzin,audi,nein,01/04/2016 00:00,0,18573,05/04/2016 21:45
463,Audi_A6Mit_AHK,privat,Angebot,4300,control,kombi,2003,automatik,179,a6,150000,5,,audi,,04/04/2016 00:00,0,21149,06/04/2016 08:45
464,Fiat_Marea_100_16V_Weekend_SX,privat,Angebot,850,control,kombi,2001,manuell,103,andere,125000,3,benzin,fiat,nein,07/03/2016 00:00,0,20146,06/04/2016 10:46
465,Mercedes_Benz_A_160_Blue_Efficiency,privat,Angebot,6700,test,limousine,2009,manuell,95,a_klasse,70000,10,benzin,mercedes_benz,nein,03/04/2016 00:00,0,74235,05/04/2016 22:18
466,Audi_A3,privat,Angebot,29980,control,limousine,2013,manuell,150,a3,50000,9,diesel,audi,nein,30/03/2016 00:00,0,59846,06/04/2016 23:46
467,Opel_Corsa_1.2_16V___2_HAND__KLIMA__8_FACH_T√úV_NEU!!!,privat,Angebot,2238,control,kleinwagen,2003,manuell,75,corsa,125000,5,benzin,opel,nein,21/03/2016 00:00,0,1067,24/03/2016 11:46
468,Bmw_e36_316i_compact_viel_neu....,privat,Angebot,250,test,kleinwagen,1994,manuell,102,3er,150000,0,benzin,bmw,,01/04/2016 00:00,0,52393,05/04/2016 13:15
469,BMW_coupe,privat,Angebot,3350,test,coupe,1997,manuell,170,3er,150000,11,benzin,bmw,nein,26/03/2016 00:00,0,83024,26/03/2016 11:41
470,Renault_Modus_1.5_dCi_Bj_2005__220000_km_T√úV_NEU,privat,Angebot,2000,control,bus,2005,manuell,86,modus,150000,6,diesel,renault,nein,05/03/2016 00:00,0,13439,07/04/2016 07:17
471,Top_gepflegter_Audi_A6_Avant_S_Line_2.0_TDI_/_AHK_Standheizung,privat,Angebot,14500,test,kombi,2007,manuell,140,a6,100000,3,diesel,audi,nein,19/03/2016 00:00,0,94060,07/04/2016 05:17
472,Audi_A2_1.4__T√úV+_Zahnriemen_NEU,privat,Angebot,4199,control,kleinwagen,2002,manuell,75,a2,150000,1,benzin,audi,nein,12/03/2016 00:00,0,56235,06/04/2016 17:16
473,SEAT_Ibiza__T√úV_neu_nichtraucher__scheckheft_gepflegt__23500_km,privat,Angebot,6999,control,kleinwagen,2009,manuell,85,ibiza,30000,4,benzin,seat,nein,29/03/2016 00:00,0,1744,06/04/2016 01:15
474,VW_Polo_1.2_Trendline_Klima/_Scheckheftgepflegt/_T√úV_NEU,privat,Angebot,4490,test,kleinwagen,2008,manuell,60,polo,100000,11,benzin,volkswagen,nein,23/03/2016 00:00,0,1993,29/03/2016 16:45
475,BMW_X6_xDrive30d_M_Sportpaket_Garantie_bis_2018,privat,Angebot,43900,test,limousine,2013,automatik,245,x_reihe,40000,4,diesel,bmw,nein,20/03/2016 00:00,0,50859,07/04/2016 04:46
476,Audi_A5_Cabrio_1.8_TFSI,privat,Angebot,21950,test,cabrio,2010,manuell,160,a5,90000,5,benzin,audi,nein,05/03/2016 00:00,0,65474,06/03/2016 11:08
477,Mazda_323_Sporty,privat,Angebot,1200,control,kleinwagen,2002,manuell,90,3_reihe,150000,4,benzin,mazda,,02/04/2016 00:00,0,6132,06/04/2016 07:15
478,Mercedes_Benz_E_220_T_CDI_Automatik_Classic,privat,Angebot,8100,control,kombi,2004,automatik,150,e_klasse,150000,3,diesel,mercedes_benz,nein,23/03/2016 00:00,0,76872,07/04/2016 12:16
479,BMW_530i_Touring,privat,Angebot,12650,control,kombi,2006,manuell,258,5er,150000,6,benzin,bmw,nein,18/03/2016 00:00,0,96114,05/04/2016 22:45
480,Solides_Auto,privat,Angebot,2400,test,kombi,1997,manuell,125,passat,150000,7,benzin,volkswagen,nein,01/04/2016 00:00,0,88161,07/04/2016 09:17
481,Seat_Ibiza_weiss_sparsam_8_fach_bereift,privat,Angebot,5250,control,,2017,manuell,84,ibiza,70000,4,,seat,nein,13/03/2016 00:00,0,99762,14/03/2016 06:42
482,Audi_A3_1.8_TFSI_Ambition_S_Line_Xenon,privat,Angebot,14500,control,limousine,2009,manuell,160,a3,70000,3,benzin,audi,,17/03/2016 00:00,0,73525,07/04/2016 06:16
483,Peugeot_206_cc,privat,Angebot,1950,control,,2016,manuell,0,2_reihe,150000,10,benzin,peugeot,nein,04/04/2016 00:00,0,44141,06/04/2016 11:44
484,Tausche_BMW_top_Zustand,privat,Angebot,0,test,,2016,automatik,197,3er,150000,12,diesel,bmw,nein,24/03/2016 00:00,0,99867,25/03/2016 19:46
485,Mercedes_Benz_E350_CGI_Coup√©_AMG_|_LEDER_|_SCHIEBEDACH_|_T√úV,privat,Angebot,24900,test,coupe,2009,automatik,292,e_klasse,125000,6,benzin,mercedes_benz,nein,08/03/2016 00:00,0,30453,12/03/2016 01:16
486,Volkswagen_Golf_Plus_1.9_TDI,privat,Angebot,4300,test,limousine,2007,manuell,90,golf,150000,2,diesel,volkswagen,nein,10/03/2016 00:00,0,60486,16/03/2016 08:17
487,Smart_smart_fortwo_coupe,privat,Angebot,2250,control,kleinwagen,2006,,61,fortwo,80000,11,benzin,smart,nein,27/03/2016 00:00,0,66907,27/03/2016 15:44
488,Audi_A4_Avant_2.0_TDI_DPF_Ambiente,privat,Angebot,10550,test,kombi,2008,manuell,143,a4,125000,9,diesel,audi,nein,20/03/2016 00:00,0,65549,27/03/2016 00:46
489,Seat_Ibiza,privat,Angebot,200,test,kleinwagen,1995,manuell,60,ibiza,150000,10,benzin,seat,nein,14/03/2016 00:00,0,14542,17/03/2016 20:16
490,BMW_E30_316_318_320_325_GESUCHT,privat,Angebot,0,control,,1990,,0,3er,5000,0,,bmw,,04/04/2016 00:00,0,59073,06/04/2016 09:16
491,Audi_A6_2.0_TFSI,privat,Angebot,11500,control,limousine,2010,manuell,170,a6,150000,1,benzin,audi,nein,05/04/2016 00:00,0,4275,07/04/2016 11:15
492,OPEL_Vectra_B_Kombi_2.0_DTI_mit_AHK,privat,Angebot,890,control,kombi,2002,manuell,101,vectra,150000,4,diesel,opel,,05/03/2016 00:00,0,82054,12/03/2016 21:17
493,Audi_A5_Cabrio_3.0_TDI_DPF_quattro_S_tronic,privat,Angebot,20500,control,cabrio,2009,automatik,239,a5,150000,4,diesel,audi,nein,21/03/2016 00:00,0,83735,06/04/2016 07:45
494,Alfa_Romeo_147_1.6_Twin_Spark,privat,Angebot,2990,test,limousine,2006,manuell,105,147,150000,6,benzin,alfa_romeo,nein,30/03/2016 00:00,0,74912,07/04/2016 09:44
495,MERCEDES_BENZ_C_200_T_CDI_AVANTGARDE,privat,Angebot,9600,test,kombi,2008,manuell,136,c_klasse,150000,8,diesel,mercedes_benz,nein,26/03/2016 00:00,0,14513,26/03/2016 09:41
496,Opel_Corsa_City,privat,Angebot,1099,test,kleinwagen,1995,manuell,45,corsa,30000,10,benzin,opel,nein,10/03/2016 00:00,0,15732,22/03/2016 00:46
497,Opel_Astra_1.6,privat,Angebot,1700,control,limousine,2000,manuell,75,astra,100000,5,benzin,opel,nein,22/03/2016 00:00,0,82110,28/03/2016 00:16
498,Unfallwagen/Totalschaden,privat,Angebot,0,control,,2000,manuell,0,,150000,0,,audi,ja,24/03/2016 00:00,0,72514,29/03/2016 03:45
499,Expert_Kasten_geschlossen,privat,Angebot,4760,test,andere,2008,manuell,98,andere,150000,3,diesel,peugeot,ja,01/04/2016 00:00,0,1809,07/04/2016 12:46
500,Ford_Galaxy_2.0_TDCI_Trend_EZ_04.12_Anhaengerkupplung,privat,Angebot,16500,test,bus,2012,manuell,140,galaxy,80000,4,diesel,ford,nein,02/04/2016 00:00,0,59590,04/04/2016 07:50
501,Audi_TT_Coupe_1.8_T,privat,Angebot,5300,control,coupe,1999,manuell,179,tt,125000,3,benzin,audi,nein,23/03/2016 00:00,0,55450,07/04/2016 11:16
502,Citroen_C3__T√úV_neu_Benzin__109_PS_1_6i_2003_Automatik,privat,Angebot,3555,control,kleinwagen,2003,automatik,109,c3,100000,2,benzin,citroen,nein,09/03/2016 00:00,0,48683,05/04/2016 23:45
503,guenstig_Fiat_uno_zum_verkaufen_Tuev_bis_11.2016,privat,Angebot,350,test,kleinwagen,1989,manuell,45,andere,150000,2,benzin,fiat,,08/03/2016 00:00,0,33098,11/03/2016 04:44
504,Mercedes_Benz_Viano_2.2_CDI_kompakt_Function_DPF_Vollleder_AHK,privat,Angebot,19900,control,bus,2009,manuell,150,viano,90000,5,diesel,mercedes_benz,nein,31/03/2016 00:00,0,59348,07/04/2016 03:17
505,Mercedes_Benz_S_420_CDI_DPF_7G_TRONIC,privat,Angebot,15200,control,limousine,2007,automatik,320,s_klasse,150000,7,diesel,mercedes_benz,nein,07/03/2016 00:00,0,29664,06/04/2016 01:45
506,Mazda_121_mit_75_PS_T√úV_1/2018_115100_km,privat,Angebot,700,test,kleinwagen,1994,manuell,75,1_reihe,125000,3,benzin,mazda,,07/03/2016 00:00,0,56072,11/03/2016 00:45
507,BMW_318_mit_T√úV,privat,Angebot,550,control,limousine,1995,manuell,130,3er,150000,5,benzin,bmw,nein,06/03/2016 00:00,0,73431,08/03/2016 23:17
508,Volkswagen_Eos_2.0_TDI_DPF,privat,Angebot,8700,test,cabrio,2006,manuell,140,eos,150000,10,diesel,volkswagen,nein,31/03/2016 00:00,0,63263,05/04/2016 19:46
509,Fiat_Panda_0_9_TwinAir_Turbo__86_PS___Topausstattung_Klimaautom.,privat,Angebot,6990,control,kleinwagen,2012,manuell,86,panda,50000,2,benzin,fiat,nein,15/03/2016 00:00,0,72793,06/04/2016 11:45
510,Citroen_C4,privat,Angebot,5500,control,limousine,2006,manuell,90,c4,80000,5,benzin,citroen,,15/03/2016 00:00,0,52066,18/03/2016 03:16
511,Hyundai_Getz_1.1,privat,Angebot,1650,test,kleinwagen,2006,manuell,63,getz,150000,3,benzin,hyundai,nein,19/03/2016 00:00,0,58642,19/03/2016 17:41
512,Audi_A3_2.0_TDI__Pano,privat,Angebot,7900,control,limousine,2009,manuell,170,a3,150000,6,diesel,audi,nein,26/03/2016 00:00,0,32839,29/03/2016 15:45
513,PEUGEOT_206_CC_CABRIO_T√úV08/2016_KLIMA_1.HAND_ZV_EFHB,privat,Angebot,4290,test,cabrio,2006,manuell,109,2_reihe,90000,4,benzin,peugeot,,04/04/2016 00:00,0,22549,07/04/2016 00:15
514,Volkswagen_Golf_1.2_TSI_BlueM_Technology_Cup_Standhzg,privat,Angebot,14650,control,limousine,2014,manuell,86,golf,20000,12,benzin,volkswagen,nein,13/03/2016 00:00,0,38444,05/04/2016 01:15
515,BMW_318i_touring,privat,Angebot,3299,test,kombi,2002,manuell,143,3er,150000,9,benzin,bmw,nein,24/03/2016 00:00,0,8060,07/04/2016 13:15
516,Ford_Fiesta,privat,Angebot,6500,control,kleinwagen,2012,manuell,81,fiesta,40000,6,benzin,ford,nein,29/03/2016 00:00,0,12679,31/03/2016 10:45
517,Peugeot_206_110,privat,Angebot,600,control,kleinwagen,2002,manuell,148,2_reihe,150000,11,benzin,peugeot,ja,21/03/2016 00:00,0,39387,05/04/2016 00:15
518,Volkswagen_Golf_1.6_Goal,privat,Angebot,5800,test,limousine,2006,manuell,102,golf,125000,9,benzin,volkswagen,nein,20/03/2016 00:00,0,72074,07/04/2016 05:44
519,Opel_Astra_G_Caravan__Edition_100__Silber_Metallic.,privat,Angebot,1600,test,kombi,1999,manuell,75,astra,150000,3,benzin,opel,nein,03/04/2016 00:00,0,65474,07/04/2016 02:17